train_order,algorithm,features,n_features,train_time,mem_max,f1,accuracy,roc_auc,confusion_matrix
51,SVC(probability=True),"(4275, 4258, 4251, 4223, 4196, 4195, 4180, 4169, 4167, 4163, 4147, 4135, 4029, 4019, 3968, 3964, 3902, 3897, 3892, 3890, 3884, 3847, 3846, 3845, 3835, 3793, 3780, 3759, 3721, 3720, 3719, 3680, 3611, 3530, 3519, 3430, 3414, 3411, 3337, 3320, 3291, 3279, 3267, 3265, 3258, 3257, 3255, 3236, 3225, 3214, 3211, 3143, 3134, 3125, 3122, 3107, 3082, 3066, 3058, 3042, 3040, 3034, 3027, 3026, 3025, 2972, 2969, 2925, 2920, 2900, 2876, 2873, 2828, 2806, 2787, 2767, 2765, 2764, 2720, 2719, 2657, 2598, 2596, 2585, 2500, 2429, 2363, 2332, 2331, 2325, 2322, 2250, 2219, 2182, 2179, 2172, 2155, 2130, 2120, 2115, 2105, 2096, 2095, 2094, 2093, 2092, 2080, 2060, 2051, 1981, 1979, 1978, 1975, 1970, 1960, 1919, 1862, 1852, 1834, 1804, 1796, 1782, 1738, 1736, 1688, 1671, 1667, 1639, 1620, 1601, 1590, 1578, 1551, 1531, 1482, 1466, 1449, 1437, 1435, 1418, 1374, 1365, 1287, 1283, 1279, 1270, 1210, 1196, 1178, 1150, 1095, 1012, 998, 970, 946, 916, 915, 902, 892, 851, 844, 818, 813, 808, 798, 791, 783, 719, 711, 705, 701, 698, 666, 662, 623, 599, 586, 578, 551, 543, 540, 511, 509, 498, 487, 486, 480, 432, 422, 415, 412, 406, 397, 386, 384, 372, 368, 363, 327, 157, 8)",201,14.681190300000253,711.84765625,0.7698366471592915,0.8225962394728139,0.8670392335542608,"[[188  50]
 [ 43 116]]"
55,SVC(probability=True),"(4275, 4274, 4258, 4251, 4223, 4196, 4195, 4180, 4169, 4167, 4163, 4147, 4135, 4029, 4019, 3968, 3964, 3902, 3897, 3892, 3890, 3884, 3847, 3846, 3845, 3835, 3793, 3780, 3759, 3721, 3720, 3719, 3680, 3611, 3530, 3519, 3430, 3414, 3411, 3337, 3320, 3291, 3279, 3267, 3265, 3258, 3257, 3255, 3236, 3225, 3214, 3211, 3143, 3134, 3125, 3122, 3107, 3082, 3066, 3058, 3042, 3040, 3034, 3027, 3026, 3025, 2972, 2969, 2925, 2920, 2900, 2876, 2873, 2828, 2806, 2787, 2767, 2765, 2764, 2720, 2719, 2657, 2598, 2596, 2585, 2500, 2429, 2363, 2332, 2331, 2325, 2322, 2250, 2219, 2182, 2179, 2172, 2155, 2130, 2120, 2115, 2105, 2096, 2095, 2094, 2093, 2092, 2080, 2060, 2051, 1981, 1979, 1978, 1975, 1970, 1960, 1919, 1862, 1852, 1834, 1804, 1796, 1782, 1738, 1736, 1688, 1671, 1667, 1639, 1620, 1601, 1590, 1578, 1551, 1531, 1482, 1466, 1449, 1437, 1435, 1418, 1374, 1365, 1287, 1283, 1279, 1270, 1210, 1196, 1178, 1150, 1095, 1012, 998, 970, 946, 916, 915, 902, 892, 851, 844, 818, 814, 813, 808, 798, 791, 783, 719, 711, 705, 701, 698, 666, 662, 641, 623, 615, 586, 578, 551, 543, 540, 511, 509, 498, 487, 486, 480, 432, 422, 415, 412, 406, 397, 386, 384, 372, 368, 363, 327, 157, 29, 8)",205,28.61237660000006,708.65625,0.7690808699209882,0.8225911508027377,0.8685469151437344,"[[188  50]
 [ 41 118]]"
46,SVC(probability=True),"(4275, 4258, 4251, 4223, 4196, 4195, 4180, 4169, 4167, 4163, 4147, 4135, 4029, 4019, 3968, 3964, 3897, 3892, 3890, 3884, 3847, 3846, 3845, 3835, 3793, 3780, 3759, 3721, 3720, 3719, 3680, 3611, 3530, 3519, 3430, 3414, 3411, 3337, 3320, 3291, 3279, 3267, 3265, 3258, 3257, 3255, 3236, 3225, 3214, 3211, 3143, 3134, 3125, 3122, 3107, 3082, 3066, 3058, 3042, 3040, 3034, 3027, 3026, 3025, 2972, 2969, 2925, 2920, 2900, 2876, 2873, 2828, 2806, 2787, 2767, 2765, 2764, 2720, 2719, 2657, 2598, 2596, 2585, 2500, 2429, 2363, 2332, 2331, 2325, 2322, 2250, 2219, 2182, 2179, 2172, 2155, 2130, 2120, 2115, 2105, 2096, 2095, 2094, 2093, 2092, 2080, 2060, 2051, 1981, 1979, 1978, 1975, 1970, 1960, 1919, 1862, 1852, 1834, 1804, 1796, 1782, 1738, 1736, 1688, 1671, 1667, 1639, 1620, 1601, 1590, 1578, 1551, 1531, 1482, 1466, 1449, 1437, 1435, 1418, 1374, 1365, 1287, 1283, 1279, 1270, 1210, 1196, 1178, 1150, 1095, 1012, 998, 970, 946, 916, 915, 902, 892, 851, 844, 818, 813, 808, 798, 791, 783, 719, 711, 705, 701, 698, 666, 662, 623, 599, 586, 578, 551, 543, 540, 511, 509, 498, 487, 486, 480, 432, 422, 415, 412, 406, 397, 386, 384, 372, 368, 363, 327, 157, 8)",200,13.70440890000009,708.765625,0.7682609807973995,0.8215874106302318,0.8659526085531738,"[[188  50]
 [ 43 116]]"
34,SVC(probability=True),"(4275, 4274, 4258, 4251, 4223, 4196, 4195, 4180, 4169, 4167, 4163, 4147, 4135, 4029, 4019, 3968, 3964, 3902, 3897, 3892, 3890, 3884, 3847, 3846, 3845, 3835, 3793, 3780, 3759, 3721, 3720, 3719, 3680, 3611, 3530, 3519, 3430, 3414, 3411, 3337, 3320, 3291, 3279, 3267, 3265, 3258, 3257, 3255, 3236, 3225, 3214, 3211, 3143, 3134, 3125, 3122, 3107, 3082, 3066, 3058, 3042, 3040, 3034, 3027, 3026, 3025, 2972, 2969, 2925, 2920, 2900, 2876, 2873, 2828, 2806, 2787, 2767, 2765, 2764, 2720, 2719, 2657, 2598, 2596, 2585, 2500, 2429, 2363, 2332, 2331, 2325, 2322, 2250, 2219, 2182, 2179, 2172, 2155, 2130, 2120, 2115, 2105, 2096, 2095, 2094, 2093, 2092, 2080, 2060, 2051, 1981, 1979, 1978, 1975, 1970, 1960, 1919, 1862, 1852, 1834, 1804, 1796, 1782, 1738, 1736, 1688, 1671, 1667, 1639, 1620, 1601, 1590, 1578, 1551, 1531, 1482, 1466, 1449, 1437, 1435, 1418, 1374, 1365, 1355, 1283, 1279, 1270, 1210, 1196, 1178, 1150, 1148, 1095, 1012, 970, 946, 916, 915, 902, 892, 851, 844, 818, 814, 813, 808, 798, 791, 783, 719, 711, 705, 701, 698, 666, 662, 641, 623, 615, 586, 578, 551, 543, 540, 511, 509, 498, 487, 486, 480, 432, 422, 415, 412, 406, 397, 386, 384, 372, 368, 363, 327, 157, 29, 8)",205,25.263185199999953,708.66015625,0.765871583697287,0.8225784291275475,0.8719973423251954,"[[193  45]
 [ 43 116]]"
20,SVC(probability=True),"(4275, 4274, 4258, 4251, 4223, 4196, 4195, 4180, 4169, 4167, 4163, 4147, 4135, 4029, 4019, 3968, 3964, 3902, 3897, 3892, 3890, 3884, 3847, 3846, 3845, 3835, 3793, 3780, 3759, 3721, 3720, 3719, 3680, 3611, 3530, 3519, 3430, 3414, 3411, 3337, 3320, 3291, 3279, 3267, 3265, 3258, 3257, 3255, 3236, 3225, 3214, 3211, 3143, 3134, 3125, 3122, 3107, 3082, 3066, 3058, 3042, 3040, 3034, 3027, 3026, 3025, 2972, 2969, 2925, 2920, 2900, 2876, 2873, 2828, 2806, 2787, 2767, 2765, 2764, 2720, 2719, 2657, 2598, 2596, 2585, 2500, 2429, 2363, 2332, 2331, 2325, 2322, 2250, 2219, 2182, 2179, 2172, 2155, 2130, 2120, 2115, 2105, 2096, 2095, 2094, 2093, 2092, 2080, 2060, 2051, 1981, 1979, 1978, 1975, 1970, 1960, 1919, 1862, 1852, 1834, 1804, 1796, 1782, 1738, 1736, 1688, 1671, 1667, 1639, 1620, 1601, 1590, 1578, 1551, 1531, 1482, 1466, 1449, 1437, 1435, 1418, 1374, 1365, 1355, 1287, 1283, 1279, 1270, 1210, 1196, 1178, 1150, 1148, 1095, 1012, 998, 970, 946, 916, 915, 902, 892, 851, 844, 818, 814, 813, 808, 798, 791, 783, 719, 711, 705, 701, 698, 666, 662, 641, 623, 615, 599, 586, 578, 551, 543, 540, 511, 509, 498, 487, 486, 480, 432, 422, 415, 412, 406, 397, 386, 384, 372, 368, 363, 327, 157, 29, 8)",208,41.88846289999992,707.8125,0.7652374319904773,0.8215721446200035,0.8724670649248475,"[[191  47]
 [ 43 116]]"
1,SVC(probability=True),"(4275, 4274, 4258, 4251, 4223, 4196, 4195, 4180, 4169, 4167, 4163, 4147, 4135, 4029, 4019, 3968, 3964, 3902, 3897, 3892, 3890, 3884, 3847, 3846, 3845, 3835, 3793, 3780, 3759, 3721, 3720, 3719, 3680, 3611, 3530, 3519, 3430, 3414, 3411, 3337, 3320, 3291, 3279, 3267, 3265, 3258, 3257, 3255, 3236, 3225, 3214, 3211, 3143, 3134, 3125, 3122, 3107, 3082, 3081, 3066, 3058, 3042, 3040, 3034, 3027, 3026, 3025, 3021, 2972, 2969, 2925, 2920, 2900, 2876, 2873, 2828, 2806, 2787, 2767, 2765, 2764, 2720, 2719, 2657, 2598, 2596, 2585, 2500, 2429, 2363, 2332, 2331, 2325, 2322, 2250, 2219, 2182, 2179, 2172, 2155, 2153, 2130, 2120, 2119, 2115, 2105, 2096, 2095, 2094, 2093, 2092, 2080, 2060, 2051, 1981, 1979, 1978, 1975, 1970, 1960, 1919, 1862, 1852, 1834, 1804, 1796, 1782, 1738, 1736, 1688, 1671, 1667, 1639, 1620, 1601, 1590, 1578, 1551, 1531, 1482, 1466, 1449, 1437, 1435, 1418, 1374, 1365, 1355, 1287, 1283, 1279, 1270, 1210, 1196, 1178, 1150, 1148, 1095, 1012, 998, 970, 946, 916, 915, 902, 892, 851, 844, 818, 814, 813, 808, 798, 791, 783, 719, 711, 705, 701, 698, 666, 662, 641, 623, 615, 599, 586, 578, 551, 543, 540, 511, 509, 498, 487, 486, 480, 432, 422, 415, 412, 406, 397, 386, 384, 372, 368, 363, 327, 157, 29, 8)",212,113.83936839999996,661.29296875,0.7648045048538172,0.8205671322799788,0.8725236727124575,"[[194  44]
 [ 45 114]]"
42,SVC(probability=True),"(4275, 4258, 4251, 4223, 4196, 4195, 4180, 4169, 4167, 4163, 4147, 4135, 4029, 4019, 3968, 3964, 3902, 3897, 3892, 3890, 3884, 3847, 3846, 3845, 3835, 3793, 3780, 3759, 3721, 3720, 3719, 3680, 3611, 3530, 3519, 3430, 3414, 3411, 3337, 3320, 3291, 3279, 3267, 3265, 3258, 3257, 3255, 3236, 3225, 3214, 3211, 3143, 3134, 3125, 3122, 3107, 3082, 3066, 3058, 3042, 3040, 3034, 3027, 3026, 3025, 2972, 2969, 2925, 2920, 2900, 2876, 2873, 2828, 2806, 2787, 2767, 2765, 2764, 2720, 2719, 2657, 2598, 2596, 2585, 2500, 2429, 2363, 2332, 2331, 2325, 2322, 2250, 2219, 2182, 2179, 2172, 2155, 2130, 2120, 2115, 2105, 2096, 2095, 2094, 2093, 2092, 2080, 2060, 2051, 1981, 1979, 1978, 1975, 1970, 1960, 1919, 1862, 1852, 1834, 1804, 1796, 1782, 1738, 1736, 1688, 1671, 1667, 1639, 1620, 1601, 1590, 1578, 1551, 1531, 1482, 1466, 1449, 1437, 1435, 1418, 1374, 1365, 1355, 1283, 1279, 1270, 1210, 1196, 1178, 1150, 1148, 1095, 1012, 970, 946, 916, 915, 902, 892, 851, 844, 818, 813, 808, 798, 791, 783, 719, 711, 705, 701, 698, 666, 662, 623, 599, 586, 578, 551, 543, 540, 511, 509, 498, 487, 486, 480, 432, 422, 415, 412, 406, 397, 386, 384, 372, 368, 363, 327, 157, 8)",201,13.90765780000038,709.484375,0.7644806750856463,0.8215746889550417,0.8713374145932555,"[[193  45]
 [ 43 116]]"
43,SVC(probability=True),"(4275, 4274, 4258, 4251, 4223, 4196, 4195, 4180, 4169, 4167, 4163, 4147, 4135, 4029, 4019, 3968, 3964, 3897, 3892, 3890, 3884, 3847, 3846, 3845, 3835, 3793, 3780, 3759, 3721, 3720, 3719, 3680, 3611, 3530, 3519, 3430, 3414, 3411, 3337, 3320, 3291, 3279, 3267, 3265, 3258, 3257, 3255, 3236, 3225, 3214, 3211, 3143, 3134, 3125, 3122, 3107, 3066, 3058, 3042, 3040, 3034, 3027, 3026, 3025, 2972, 2969, 2925, 2920, 2900, 2876, 2873, 2828, 2806, 2787, 2767, 2765, 2764, 2720, 2719, 2657, 2598, 2596, 2585, 2500, 2429, 2363, 2332, 2331, 2325, 2322, 2250, 2219, 2182, 2172, 2155, 2130, 2120, 2115, 2105, 2096, 2095, 2094, 2093, 2092, 2080, 2060, 2051, 1981, 1979, 1978, 1975, 1970, 1960, 1919, 1862, 1852, 1834, 1804, 1796, 1782, 1738, 1736, 1688, 1671, 1667, 1639, 1620, 1601, 1590, 1578, 1551, 1531, 1482, 1466, 1449, 1437, 1435, 1418, 1374, 1365, 1287, 1283, 1279, 1270, 1210, 1196, 1178, 1150, 1095, 1012, 998, 970, 946, 916, 915, 902, 892, 851, 844, 818, 814, 813, 808, 798, 791, 783, 719, 711, 705, 701, 698, 666, 662, 641, 623, 615, 586, 578, 551, 543, 540, 511, 509, 498, 487, 486, 480, 432, 422, 415, 412, 406, 397, 386, 384, 372, 368, 363, 327, 157, 29, 8)",202,13.816578899999968,708.8515625,0.7643889906404164,0.8190608859374603,0.8666423020923997,"[[188  50]
 [ 41 118]]"
36,SVC(probability=True),"(4275, 4258, 4251, 4223, 4196, 4195, 4180, 4169, 4167, 4163, 4147, 4135, 4029, 4019, 3968, 3964, 3897, 3892, 3890, 3884, 3847, 3846, 3845, 3835, 3793, 3780, 3759, 3721, 3720, 3719, 3680, 3611, 3530, 3519, 3430, 3414, 3411, 3337, 3320, 3291, 3279, 3267, 3265, 3258, 3257, 3255, 3236, 3225, 3214, 3211, 3143, 3134, 3125, 3122, 3107, 3066, 3058, 3042, 3040, 3034, 3027, 3026, 3025, 2972, 2969, 2925, 2920, 2900, 2876, 2873, 2828, 2806, 2787, 2767, 2765, 2764, 2720, 2719, 2657, 2598, 2596, 2585, 2500, 2429, 2363, 2332, 2331, 2325, 2322, 2250, 2219, 2182, 2172, 2155, 2130, 2120, 2115, 2105, 2096, 2095, 2094, 2093, 2092, 2080, 2060, 2051, 1981, 1979, 1978, 1975, 1970, 1960, 1919, 1862, 1852, 1834, 1804, 1796, 1782, 1738, 1736, 1688, 1671, 1667, 1639, 1620, 1601, 1590, 1578, 1551, 1531, 1482, 1466, 1449, 1437, 1435, 1418, 1374, 1365, 1287, 1283, 1279, 1270, 1210, 1196, 1178, 1150, 1095, 1012, 998, 970, 946, 916, 915, 902, 892, 851, 844, 818, 813, 808, 798, 791, 783, 719, 711, 705, 701, 698, 666, 662, 623, 599, 586, 578, 551, 543, 540, 511, 509, 498, 487, 486, 480, 432, 422, 415, 412, 406, 397, 386, 384, 372, 368, 363, 327, 157, 8)",198,14.710878200000025,708.66015625,0.7636788426368946,0.8180584179324732,0.8645375019484746,"[[190  48]
 [ 43 116]]"
50,SVC(probability=True),"(4275, 4274, 4258, 4251, 4223, 4196, 4195, 4180, 4169, 4167, 4163, 4147, 4135, 4029, 4019, 3968, 3964, 3892, 3890, 3847, 3846, 3845, 3835, 3793, 3780, 3759, 3721, 3720, 3719, 3680, 3611, 3530, 3519, 3430, 3414, 3411, 3337, 3320, 3291, 3279, 3267, 3265, 3258, 3257, 3255, 3236, 3225, 3214, 3211, 3143, 3134, 3125, 3122, 3107, 3082, 3066, 3058, 3042, 3040, 3034, 3027, 3026, 3025, 2972, 2969, 2925, 2920, 2900, 2876, 2873, 2828, 2806, 2787, 2767, 2765, 2764, 2720, 2719, 2657, 2598, 2596, 2585, 2500, 2429, 2363, 2332, 2331, 2325, 2322, 2250, 2219, 2182, 2179, 2172, 2155, 2130, 2120, 2115, 2105, 2096, 2095, 2094, 2093, 2092, 2080, 2060, 2051, 1981, 1979, 1978, 1975, 1970, 1960, 1919, 1862, 1852, 1834, 1804, 1796, 1782, 1738, 1736, 1688, 1671, 1667, 1639, 1620, 1601, 1590, 1578, 1551, 1531, 1482, 1466, 1449, 1437, 1435, 1418, 1374, 1365, 1287, 1283, 1279, 1270, 1210, 1196, 1178, 1150, 1095, 1012, 998, 970, 946, 916, 915, 902, 892, 851, 844, 818, 814, 813, 808, 798, 783, 719, 711, 705, 701, 698, 666, 662, 641, 623, 615, 586, 578, 551, 543, 540, 511, 509, 498, 487, 486, 480, 432, 422, 415, 412, 406, 397, 384, 372, 368, 363, 327, 157, 29, 8)",200,16.194568600000366,711.859375,0.7634924101313519,0.8190596137699412,0.8662529486358672,"[[189  49]
 [ 40 119]]"
53,SVC(probability=True),"(4275, 4274, 4258, 4251, 4223, 4196, 4195, 4180, 4169, 4167, 4163, 4147, 4135, 4029, 4019, 3968, 3964, 3902, 3897, 3892, 3890, 3884, 3847, 3846, 3845, 3835, 3793, 3780, 3759, 3720, 3719, 3680, 3611, 3530, 3519, 3430, 3411, 3337, 3320, 3291, 3279, 3267, 3265, 3258, 3257, 3255, 3236, 3225, 3214, 3211, 3143, 3134, 3125, 3107, 3082, 3066, 3058, 3042, 3040, 3034, 3027, 3026, 3025, 2972, 2969, 2925, 2920, 2876, 2873, 2828, 2806, 2787, 2767, 2765, 2764, 2720, 2657, 2598, 2596, 2585, 2500, 2429, 2363, 2332, 2331, 2325, 2322, 2250, 2219, 2182, 2179, 2172, 2130, 2120, 2115, 2105, 2096, 2095, 2094, 2093, 2092, 2060, 2051, 1981, 1979, 1978, 1975, 1970, 1960, 1919, 1862, 1852, 1834, 1804, 1796, 1782, 1738, 1736, 1688, 1671, 1620, 1601, 1590, 1578, 1551, 1531, 1482, 1466, 1449, 1435, 1418, 1374, 1365, 1283, 1279, 1270, 1210, 1196, 1178, 1150, 1095, 1012, 998, 970, 946, 916, 915, 902, 892, 851, 844, 818, 814, 813, 808, 798, 791, 783, 719, 711, 705, 701, 698, 666, 662, 641, 623, 615, 586, 578, 543, 540, 509, 498, 487, 486, 480, 432, 422, 415, 406, 397, 386, 384, 372, 368, 363, 327, 157, 29)",190,23.267719599999964,708.89453125,0.7630817295488199,0.8195646642749917,0.8640845168574554,"[[187  51]
 [ 45 114]]"
58,SVC(probability=True),"(4275, 4274, 4258, 4251, 4223, 4196, 4195, 4180, 4169, 4167, 4163, 4147, 4135, 4029, 4019, 3968, 3964, 3902, 3897, 3892, 3890, 3884, 3847, 3846, 3845, 3835, 3793, 3780, 3759, 3721, 3720, 3719, 3680, 3611, 3530, 3519, 3430, 3414, 3411, 3337, 3320, 3291, 3279, 3267, 3265, 3258, 3257, 3255, 3236, 3225, 3214, 3211, 3143, 3134, 3125, 3122, 3107, 3082, 3066, 3058, 3042, 3040, 3034, 3027, 3026, 3025, 2972, 2969, 2925, 2920, 2900, 2876, 2873, 2806, 2787, 2767, 2765, 2764, 2720, 2719, 2657, 2598, 2596, 2585, 2500, 2429, 2363, 2332, 2331, 2322, 2219, 2182, 2179, 2172, 2130, 2120, 2115, 2105, 2096, 2094, 2093, 2092, 2080, 2060, 2051, 1981, 1979, 1978, 1975, 1919, 1862, 1852, 1834, 1804, 1796, 1782, 1738, 1688, 1671, 1667, 1639, 1620, 1601, 1590, 1578, 1551, 1531, 1482, 1466, 1449, 1437, 1435, 1418, 1374, 1365, 1355, 1283, 1279, 1270, 1210, 1196, 1178, 1150, 1148, 1095, 1012, 970, 946, 916, 915, 902, 892, 851, 844, 818, 814, 813, 808, 798, 791, 783, 719, 711, 701, 698, 666, 662, 641, 623, 615, 586, 578, 551, 543, 540, 511, 509, 498, 487, 486, 480, 432, 422, 415, 412, 406, 397, 386, 384, 368, 363, 327, 157, 29, 8)",195,24.836362999999892,709.16015625,0.7629632233456176,0.8205607714423835,0.8640075392867121,"[[193  45]
 [ 43 116]]"
52,SVC(probability=True),"(4275, 4258, 4251, 4223, 4196, 4195, 4180, 4169, 4167, 4163, 4147, 4135, 4029, 4019, 3968, 3964, 3897, 3892, 3890, 3884, 3847, 3846, 3845, 3835, 3793, 3780, 3759, 3721, 3720, 3719, 3680, 3611, 3530, 3519, 3430, 3414, 3411, 3337, 3320, 3291, 3279, 3267, 3265, 3258, 3257, 3255, 3236, 3225, 3214, 3211, 3143, 3134, 3125, 3122, 3107, 3082, 3066, 3058, 3042, 3040, 3034, 3027, 3026, 3025, 2972, 2969, 2925, 2920, 2900, 2876, 2873, 2828, 2806, 2787, 2767, 2765, 2764, 2720, 2719, 2657, 2598, 2596, 2585, 2500, 2429, 2363, 2332, 2331, 2325, 2322, 2250, 2219, 2182, 2179, 2172, 2155, 2130, 2120, 2115, 2105, 2096, 2095, 2094, 2093, 2092, 2080, 2060, 2051, 1981, 1979, 1978, 1975, 1970, 1960, 1919, 1862, 1852, 1834, 1804, 1796, 1782, 1738, 1736, 1688, 1671, 1667, 1639, 1620, 1601, 1590, 1578, 1551, 1531, 1482, 1466, 1449, 1437, 1435, 1418, 1374, 1365, 1355, 1283, 1279, 1270, 1210, 1196, 1178, 1150, 1148, 1095, 1012, 970, 946, 916, 915, 902, 892, 851, 844, 818, 813, 808, 798, 791, 783, 719, 711, 705, 701, 698, 666, 662, 623, 599, 586, 578, 551, 543, 540, 511, 509, 498, 487, 486, 480, 432, 422, 415, 412, 406, 397, 386, 384, 372, 368, 363, 327, 157, 8)",200,18.84461300000021,709.546875,0.762901454520587,0.8205671322799788,0.870949306320729,"[[193  45]
 [ 43 116]]"
41,SVC(probability=True),"(4275, 4274, 4258, 4251, 4223, 4196, 4180, 4169, 4167, 4147, 4135, 4029, 4019, 3968, 3964, 3897, 3890, 3884, 3847, 3846, 3845, 3835, 3793, 3780, 3759, 3721, 3720, 3719, 3680, 3611, 3430, 3414, 3411, 3337, 3320, 3291, 3279, 3265, 3258, 3257, 3255, 3236, 3225, 3214, 3211, 3143, 3125, 3122, 3107, 3082, 3066, 3058, 3042, 3040, 3034, 3026, 3025, 2972, 2969, 2925, 2900, 2876, 2873, 2828, 2806, 2787, 2767, 2764, 2720, 2719, 2657, 2598, 2596, 2585, 2500, 2429, 2363, 2332, 2331, 2325, 2322, 2219, 2182, 2172, 2155, 2130, 2120, 2115, 2105, 2096, 2095, 2094, 2093, 2092, 2080, 2060, 2051, 1981, 1979, 1978, 1975, 1970, 1960, 1919, 1862, 1852, 1834, 1804, 1796, 1782, 1738, 1736, 1688, 1671, 1667, 1639, 1620, 1601, 1590, 1578, 1551, 1531, 1482, 1466, 1449, 1437, 1435, 1418, 1374, 1365, 1355, 1287, 1283, 1279, 1270, 1210, 1196, 1178, 1150, 1095, 1012, 998, 970, 946, 915, 902, 892, 851, 844, 814, 813, 808, 798, 791, 783, 719, 705, 701, 698, 666, 662, 641, 623, 615, 599, 586, 578, 551, 543, 540, 511, 509, 487, 486, 480, 432, 422, 415, 412, 406, 397, 386, 384, 372, 368, 363, 327, 8)",188,13.569357599999876,709.04296875,0.7623596799059423,0.8195672086100296,0.8689473184584717,"[[191  47]
 [ 45 114]]"
54,SVC(probability=True),"(4275, 4274, 4258, 4251, 4223, 4196, 4195, 4180, 4169, 4167, 4163, 4147, 4135, 4029, 4019, 3968, 3902, 3897, 3892, 3890, 3884, 3847, 3846, 3845, 3835, 3793, 3780, 3759, 3721, 3720, 3719, 3680, 3611, 3530, 3519, 3430, 3414, 3411, 3337, 3320, 3291, 3279, 3267, 3258, 3257, 3255, 3236, 3225, 3214, 3211, 3143, 3134, 3125, 3122, 3107, 3082, 3066, 3042, 3040, 3034, 3027, 3026, 3025, 2972, 2969, 2925, 2920, 2900, 2876, 2873, 2828, 2806, 2767, 2765, 2764, 2720, 2719, 2657, 2598, 2596, 2585, 2500, 2429, 2363, 2332, 2331, 2325, 2322, 2250, 2219, 2182, 2179, 2172, 2155, 2130, 2120, 2115, 2105, 2096, 2095, 2094, 2093, 2092, 2080, 2060, 2051, 1981, 1979, 1978, 1975, 1970, 1960, 1919, 1852, 1834, 1804, 1796, 1782, 1738, 1736, 1688, 1671, 1667, 1639, 1620, 1601, 1590, 1578, 1551, 1531, 1482, 1466, 1449, 1435, 1418, 1374, 1365, 1283, 1279, 1270, 1210, 1196, 1178, 1148, 1095, 1012, 970, 946, 916, 915, 902, 892, 851, 844, 818, 814, 813, 808, 798, 791, 719, 711, 705, 701, 698, 666, 662, 641, 623, 615, 586, 578, 551, 543, 540, 511, 509, 498, 487, 486, 480, 432, 422, 415, 412, 406, 397, 386, 384, 372, 368, 363, 327, 157, 29, 8)",196,24.8117843,709.30078125,0.761849473232451,0.8185545632648907,0.8638907551317638,"[[191  47]
 [ 43 116]]"
31,SVC(probability=True),"(4275, 4274, 4258, 4251, 4223, 4196, 4195, 4180, 4169, 4167, 4163, 4147, 4135, 4029, 4019, 3968, 3964, 3902, 3897, 3892, 3890, 3884, 3847, 3846, 3845, 3835, 3793, 3780, 3759, 3721, 3720, 3719, 3680, 3611, 3530, 3519, 3430, 3414, 3411, 3337, 3320, 3291, 3279, 3267, 3265, 3258, 3257, 3255, 3236, 3225, 3214, 3211, 3143, 3134, 3125, 3122, 3107, 3082, 3066, 3058, 3042, 3040, 3034, 3027, 3026, 3025, 2972, 2969, 2925, 2920, 2900, 2876, 2873, 2828, 2806, 2787, 2767, 2765, 2764, 2720, 2719, 2657, 2598, 2596, 2585, 2500, 2429, 2363, 2332, 2331, 2325, 2322, 2250, 2219, 2182, 2179, 2172, 2155, 2153, 2130, 2120, 2119, 2115, 2105, 2096, 2095, 2094, 2093, 2092, 2080, 2060, 2051, 1981, 1979, 1978, 1975, 1970, 1960, 1919, 1862, 1852, 1834, 1804, 1796, 1782, 1738, 1736, 1688, 1671, 1667, 1639, 1620, 1601, 1551, 1531, 1482, 1466, 1449, 1437, 1435, 1418, 1374, 1365, 1355, 1287, 1283, 1279, 1210, 1196, 1178, 1148, 1095, 1012, 998, 970, 946, 916, 915, 902, 892, 851, 844, 818, 814, 813, 808, 798, 791, 783, 719, 711, 705, 701, 698, 666, 662, 641, 623, 615, 599, 586, 578, 551, 543, 540, 511, 509, 498, 487, 486, 480, 432, 422, 415, 412, 406, 397, 386, 384, 372, 368, 363, 327, 157, 29, 8)",206,16.44288880000022,707.0,0.7612674875377581,0.8180418797547262,0.8725768203547639,"[[191  47]
 [ 43 116]]"
37,SVC(probability=True),"(4275, 4274, 4258, 4251, 4223, 4196, 4195, 4180, 4169, 4167, 4163, 4147, 4135, 4029, 4019, 3968, 3964, 3902, 3897, 3892, 3890, 3884, 3847, 3846, 3845, 3835, 3793, 3780, 3759, 3721, 3720, 3719, 3680, 3611, 3530, 3519, 3430, 3414, 3411, 3337, 3320, 3291, 3279, 3267, 3265, 3258, 3257, 3255, 3236, 3225, 3214, 3211, 3143, 3134, 3125, 3122, 3107, 3082, 3066, 3058, 3042, 3040, 3034, 3027, 3026, 3025, 2972, 2969, 2925, 2920, 2900, 2876, 2873, 2828, 2806, 2787, 2767, 2765, 2764, 2720, 2719, 2657, 2598, 2596, 2585, 2500, 2429, 2363, 2331, 2325, 2250, 2219, 2182, 2179, 2172, 2155, 2130, 2120, 2115, 2105, 2096, 2095, 2094, 2093, 2092, 2080, 2060, 2051, 1981, 1979, 1975, 1970, 1960, 1919, 1862, 1852, 1834, 1804, 1796, 1782, 1738, 1736, 1688, 1671, 1667, 1639, 1620, 1601, 1590, 1578, 1551, 1531, 1482, 1466, 1449, 1437, 1435, 1418, 1374, 1365, 1355, 1287, 1283, 1279, 1210, 1196, 1178, 1148, 1095, 1012, 998, 970, 946, 916, 915, 902, 892, 851, 844, 818, 814, 813, 808, 798, 791, 783, 719, 711, 705, 701, 698, 666, 662, 641, 623, 615, 599, 586, 578, 551, 543, 540, 511, 509, 498, 487, 486, 480, 432, 422, 415, 412, 406, 397, 386, 384, 372, 368, 363, 327, 157, 29, 8)",203,15.61654419999968,708.56640625,0.7607411656847747,0.8180418797547262,0.8715516946767561,"[[191  47]
 [ 43 116]]"
38,SVC(probability=True),"(4275, 4274, 4258, 4251, 4223, 4196, 4195, 4180, 4169, 4167, 4163, 4147, 4135, 4029, 4019, 3968, 3964, 3897, 3890, 3884, 3847, 3846, 3845, 3835, 3793, 3780, 3759, 3721, 3720, 3719, 3680, 3611, 3530, 3519, 3430, 3414, 3411, 3337, 3320, 3291, 3279, 3265, 3258, 3257, 3255, 3236, 3225, 3214, 3211, 3143, 3134, 3125, 3122, 3107, 3082, 3066, 3058, 3042, 3040, 3034, 3026, 3025, 2972, 2969, 2925, 2900, 2876, 2873, 2828, 2806, 2787, 2767, 2765, 2764, 2720, 2719, 2657, 2598, 2596, 2585, 2500, 2429, 2363, 2332, 2331, 2325, 2322, 2250, 2219, 2182, 2179, 2172, 2155, 2153, 2130, 2120, 2119, 2115, 2105, 2096, 2095, 2094, 2093, 2092, 2080, 2060, 2051, 1981, 1979, 1978, 1975, 1970, 1960, 1919, 1862, 1852, 1834, 1804, 1796, 1782, 1738, 1736, 1688, 1671, 1667, 1639, 1620, 1601, 1551, 1531, 1482, 1466, 1449, 1437, 1435, 1418, 1374, 1365, 1355, 1287, 1283, 1279, 1270, 1210, 1196, 1178, 1150, 1148, 1095, 1012, 998, 970, 946, 916, 915, 902, 892, 851, 844, 818, 814, 813, 808, 798, 791, 783, 719, 705, 701, 698, 666, 662, 641, 623, 615, 599, 586, 578, 551, 543, 540, 511, 509, 498, 487, 486, 480, 432, 422, 415, 412, 406, 397, 386, 384, 372, 368, 363, 327, 157, 29, 8)",202,17.316813699999784,708.64453125,0.7597944026376988,0.8175368292496756,0.8706695651550964,"[[191  47]
 [ 43 116]]"
60,SVC(probability=True),"(4275, 4258, 4251, 4223, 4196, 4195, 4180, 4169, 4167, 4163, 4135, 4029, 4019, 3968, 3964, 3902, 3897, 3892, 3890, 3884, 3847, 3846, 3845, 3835, 3793, 3780, 3759, 3721, 3720, 3719, 3680, 3611, 3530, 3519, 3430, 3414, 3411, 3337, 3320, 3291, 3279, 3267, 3265, 3258, 3257, 3255, 3225, 3214, 3211, 3143, 3134, 3125, 3122, 3107, 3082, 3066, 3058, 3042, 3040, 3034, 3027, 3026, 3025, 2972, 2969, 2925, 2920, 2900, 2876, 2873, 2828, 2806, 2767, 2765, 2764, 2720, 2719, 2657, 2598, 2596, 2585, 2500, 2429, 2363, 2332, 2331, 2322, 2250, 2219, 2182, 2179, 2172, 2155, 2130, 2120, 2115, 2105, 2096, 2095, 2094, 2093, 2092, 2080, 2060, 2051, 1981, 1979, 1978, 1970, 1960, 1919, 1862, 1852, 1834, 1804, 1796, 1782, 1738, 1736, 1688, 1671, 1667, 1620, 1601, 1590, 1578, 1551, 1531, 1482, 1466, 1449, 1437, 1435, 1418, 1374, 1365, 1355, 1283, 1279, 1270, 1210, 1196, 1178, 1150, 1148, 1095, 1012, 970, 946, 916, 915, 902, 892, 851, 818, 814, 813, 808, 798, 791, 783, 719, 711, 705, 701, 698, 666, 662, 641, 623, 615, 586, 578, 551, 543, 540, 511, 509, 498, 487, 486, 480, 432, 422, 415, 412, 397, 386, 384, 372, 368, 363, 327, 157, 29, 8)",196,21.3233295,709.5625,0.7597663025214567,0.8185482024272955,0.8695840419202471,"[[191  47]
 [ 41 118]]"
39,SVC(probability=True),"(4275, 4274, 4258, 4251, 4223, 4196, 4195, 4180, 4169, 4167, 4163, 4135, 4019, 3968, 3964, 3902, 3897, 3892, 3890, 3884, 3847, 3846, 3845, 3835, 3793, 3780, 3759, 3721, 3720, 3719, 3680, 3611, 3530, 3519, 3430, 3414, 3411, 3337, 3320, 3291, 3279, 3267, 3265, 3257, 3255, 3236, 3225, 3214, 3211, 3143, 3134, 3125, 3122, 3107, 3082, 3066, 3058, 3042, 3040, 3034, 3027, 3026, 3025, 2972, 2969, 2925, 2920, 2900, 2876, 2873, 2828, 2806, 2787, 2767, 2765, 2764, 2720, 2719, 2657, 2598, 2596, 2585, 2500, 2429, 2363, 2332, 2331, 2325, 2322, 2250, 2219, 2182, 2179, 2155, 2153, 2130, 2120, 2119, 2115, 2105, 2096, 2095, 2094, 2093, 2092, 2080, 2060, 2051, 1981, 1979, 1978, 1975, 1970, 1960, 1919, 1862, 1852, 1834, 1804, 1796, 1782, 1738, 1736, 1688, 1671, 1667, 1639, 1620, 1601, 1551, 1531, 1482, 1466, 1449, 1437, 1435, 1418, 1374, 1365, 1355, 1287, 1283, 1279, 1210, 1178, 1148, 1095, 1012, 998, 970, 946, 916, 915, 902, 892, 851, 844, 818, 814, 813, 808, 798, 791, 783, 719, 711, 705, 698, 666, 662, 641, 623, 615, 599, 586, 578, 551, 543, 540, 509, 498, 487, 486, 480, 432, 422, 415, 412, 406, 397, 386, 384, 372, 368, 363, 327, 157, 29, 8)",199,14.210146599999916,708.34765625,0.7597287403968757,0.8170368674147012,0.8722630716166732,"[[195  43]
 [ 42 117]]"
61,SVC(probability=True),"(4275, 4274, 4258, 4251, 4223, 4196, 4195, 4180, 4169, 4167, 4163, 4147, 4135, 4029, 3968, 3964, 3902, 3897, 3892, 3890, 3847, 3846, 3845, 3835, 3793, 3780, 3759, 3721, 3720, 3719, 3680, 3530, 3519, 3430, 3414, 3411, 3337, 3320, 3291, 3279, 3267, 3265, 3258, 3257, 3236, 3225, 3214, 3211, 3143, 3134, 3125, 3122, 3107, 3082, 3066, 3042, 3040, 3034, 3027, 3026, 3025, 2972, 2969, 2925, 2920, 2900, 2876, 2873, 2828, 2806, 2787, 2767, 2765, 2764, 2720, 2719, 2657, 2598, 2596, 2585, 2500, 2429, 2332, 2331, 2325, 2322, 2250, 2219, 2182, 2179, 2172, 2130, 2120, 2105, 2096, 2095, 2094, 2093, 2092, 2080, 2060, 2051, 1981, 1979, 1978, 1975, 1970, 1960, 1919, 1862, 1852, 1834, 1804, 1796, 1782, 1738, 1736, 1688, 1671, 1667, 1639, 1620, 1601, 1590, 1578, 1551, 1482, 1466, 1449, 1437, 1435, 1418, 1374, 1365, 1355, 1283, 1279, 1270, 1210, 1196, 1178, 1150, 1148, 1095, 1012, 970, 946, 916, 915, 902, 892, 851, 844, 818, 814, 813, 808, 798, 791, 783, 719, 711, 705, 701, 698, 666, 662, 641, 623, 615, 586, 578, 551, 543, 540, 511, 509, 498, 487, 486, 432, 422, 415, 412, 406, 397, 386, 384, 368, 363, 327, 157, 29, 8)",194,28.43956500000013,710.90625,0.7594023517145868,0.8185456580922577,0.8662658995809135,"[[194  44]
 [ 44 115]]"
45,SVC(probability=True),"(4275, 4258, 4251, 4223, 4196, 4195, 4180, 4169, 4167, 4163, 4147, 4135, 4029, 4019, 3968, 3964, 3902, 3897, 3892, 3890, 3884, 3847, 3846, 3845, 3835, 3793, 3780, 3759, 3721, 3720, 3719, 3680, 3611, 3530, 3519, 3430, 3411, 3337, 3320, 3291, 3279, 3267, 3265, 3258, 3257, 3255, 3236, 3225, 3214, 3211, 3143, 3134, 3125, 3122, 3107, 3066, 3058, 3042, 3040, 3034, 3027, 3026, 3025, 2972, 2969, 2925, 2920, 2900, 2876, 2873, 2828, 2806, 2787, 2767, 2765, 2764, 2720, 2719, 2657, 2598, 2596, 2585, 2500, 2429, 2363, 2332, 2331, 2325, 2322, 2250, 2219, 2182, 2172, 2155, 2120, 2115, 2105, 2095, 2094, 2093, 2080, 2060, 2051, 1981, 1979, 1978, 1975, 1970, 1919, 1862, 1852, 1834, 1804, 1796, 1736, 1688, 1671, 1667, 1639, 1620, 1601, 1590, 1578, 1551, 1531, 1482, 1466, 1449, 1437, 1435, 1418, 1374, 1365, 1283, 1279, 1270, 1210, 1196, 1178, 1150, 1148, 1095, 1012, 970, 946, 916, 915, 902, 892, 851, 844, 818, 814, 813, 808, 798, 791, 783, 719, 711, 705, 701, 698, 666, 662, 641, 623, 615, 586, 578, 551, 543, 540, 511, 509, 498, 487, 486, 480, 432, 422, 415, 412, 406, 397, 386, 384, 363, 327, 157, 29, 8)",192,12.630925700000262,708.40234375,0.7592787814387909,0.8165381777472458,0.8609155093452078,"[[191  47]
 [ 44 115]]"
40,SVC(probability=True),"(4275, 4258, 4251, 4223, 4196, 4195, 4180, 4169, 4167, 4163, 4147, 4135, 4029, 4019, 3968, 3964, 3897, 3892, 3890, 3884, 3847, 3846, 3845, 3835, 3793, 3780, 3759, 3721, 3720, 3719, 3680, 3611, 3530, 3519, 3430, 3414, 3411, 3337, 3320, 3291, 3279, 3267, 3265, 3258, 3257, 3255, 3236, 3225, 3214, 3211, 3143, 3134, 3125, 3122, 3107, 3066, 3058, 3042, 3040, 3034, 3027, 3026, 3025, 2972, 2969, 2925, 2920, 2900, 2876, 2873, 2828, 2806, 2787, 2767, 2765, 2764, 2720, 2719, 2657, 2598, 2596, 2585, 2500, 2429, 2363, 2332, 2331, 2325, 2322, 2250, 2219, 2182, 2179, 2172, 2155, 2153, 2130, 2120, 2119, 2115, 2105, 2096, 2095, 2094, 2093, 2092, 2080, 2060, 2051, 1981, 1979, 1978, 1975, 1970, 1960, 1919, 1862, 1852, 1834, 1804, 1796, 1782, 1738, 1736, 1688, 1671, 1667, 1639, 1620, 1601, 1551, 1531, 1482, 1466, 1449, 1437, 1435, 1418, 1374, 1365, 1355, 1287, 1283, 1279, 1270, 1210, 1196, 1178, 1150, 1148, 1095, 1012, 998, 970, 946, 916, 915, 902, 892, 851, 844, 818, 813, 808, 798, 791, 783, 719, 711, 705, 701, 698, 666, 662, 623, 599, 586, 578, 551, 543, 540, 511, 509, 498, 487, 486, 480, 432, 422, 415, 412, 406, 397, 386, 384, 372, 368, 363, 327, 157, 8)",201,14.16537130000006,708.31640625,0.7586515966714631,0.8160305829071571,0.8703580939580672,"[[192  46]
 [ 44 115]]"
35,SVC(probability=True),"(4275, 4274, 4258, 4251, 4223, 4196, 4195, 4180, 4169, 4167, 4163, 4147, 4135, 4029, 4019, 3968, 3964, 3897, 3890, 3884, 3847, 3846, 3845, 3835, 3793, 3780, 3759, 3721, 3720, 3719, 3680, 3611, 3530, 3519, 3430, 3414, 3411, 3337, 3320, 3291, 3279, 3265, 3258, 3257, 3255, 3236, 3225, 3214, 3211, 3143, 3134, 3125, 3122, 3107, 3082, 3066, 3058, 3042, 3040, 3034, 3026, 3025, 2972, 2969, 2925, 2900, 2876, 2873, 2828, 2806, 2787, 2767, 2765, 2764, 2720, 2719, 2657, 2598, 2596, 2585, 2500, 2429, 2363, 2331, 2325, 2250, 2219, 2182, 2179, 2172, 2155, 2130, 2120, 2115, 2105, 2096, 2095, 2094, 2093, 2092, 2080, 2060, 2051, 1981, 1979, 1975, 1970, 1960, 1919, 1862, 1852, 1834, 1804, 1796, 1782, 1738, 1736, 1688, 1671, 1667, 1639, 1620, 1601, 1590, 1578, 1551, 1531, 1482, 1466, 1449, 1437, 1435, 1418, 1374, 1365, 1355, 1287, 1283, 1279, 1270, 1210, 1196, 1178, 1150, 1148, 1095, 1012, 998, 970, 946, 916, 915, 902, 892, 851, 844, 818, 814, 813, 808, 798, 791, 783, 719, 705, 701, 698, 666, 662, 641, 623, 615, 599, 586, 578, 551, 543, 540, 511, 509, 498, 487, 486, 480, 432, 422, 415, 412, 406, 397, 386, 384, 372, 368, 363, 327, 157, 29, 8)",199,29.181322700000237,708.26953125,0.7563218852863749,0.8155242602345878,0.8702038794380901,"[[192  46]
 [ 41 118]]"
59,SVC(probability=True),"(4274, 4258, 4251, 4223, 4196, 4195, 4180, 4169, 4167, 4163, 4147, 4135, 4029, 4019, 3968, 3964, 3902, 3897, 3892, 3890, 3884, 3847, 3846, 3845, 3835, 3793, 3780, 3759, 3721, 3720, 3719, 3680, 3611, 3530, 3519, 3430, 3414, 3411, 3337, 3320, 3291, 3279, 3267, 3265, 3258, 3257, 3255, 3236, 3225, 3214, 3211, 3143, 3134, 3122, 3107, 3082, 3066, 3058, 3042, 3040, 3034, 3027, 3026, 3025, 2972, 2969, 2925, 2920, 2876, 2873, 2828, 2806, 2787, 2767, 2765, 2764, 2720, 2719, 2657, 2598, 2596, 2585, 2500, 2363, 2332, 2331, 2325, 2322, 2250, 2219, 2182, 2179, 2172, 2155, 2130, 2120, 2115, 2105, 2096, 2095, 2094, 2093, 2092, 2080, 2060, 2051, 1981, 1979, 1978, 1975, 1960, 1919, 1852, 1834, 1804, 1796, 1782, 1738, 1736, 1688, 1671, 1667, 1639, 1620, 1601, 1590, 1578, 1551, 1531, 1482, 1466, 1449, 1437, 1435, 1418, 1374, 1355, 1283, 1279, 1270, 1210, 1196, 1178, 1150, 1148, 1095, 1012, 970, 946, 916, 915, 902, 892, 851, 844, 818, 814, 813, 808, 798, 791, 783, 719, 705, 701, 698, 666, 662, 641, 623, 615, 586, 551, 543, 540, 511, 509, 498, 487, 486, 480, 432, 422, 415, 412, 406, 397, 386, 384, 372, 368, 363, 327, 157, 29, 8)",196,36.02591910000001,709.1171875,0.7561198486567331,0.8150281149021703,0.8679635868558074,"[[193  45]
 [ 44 115]]"
44,SVC(probability=True),"(4275, 4274, 4258, 4251, 4223, 4196, 4195, 4180, 4169, 4167, 4163, 4147, 4135, 4029, 4019, 3968, 3964, 3902, 3897, 3892, 3890, 3884, 3847, 3846, 3835, 3793, 3780, 3759, 3721, 3720, 3719, 3680, 3611, 3530, 3430, 3414, 3411, 3337, 3320, 3291, 3279, 3267, 3265, 3258, 3257, 3255, 3236, 3225, 3214, 3211, 3143, 3134, 3125, 3122, 3082, 3081, 3066, 3058, 3042, 3040, 3034, 3027, 3025, 2972, 2969, 2920, 2900, 2876, 2873, 2828, 2806, 2787, 2767, 2765, 2764, 2720, 2719, 2657, 2598, 2596, 2585, 2500, 2429, 2363, 2332, 2331, 2322, 2250, 2219, 2182, 2179, 2172, 2155, 2130, 2120, 2115, 2105, 2096, 2095, 2094, 2093, 2092, 2080, 2060, 1981, 1979, 1978, 1975, 1960, 1919, 1862, 1852, 1834, 1804, 1796, 1782, 1738, 1736, 1688, 1671, 1667, 1639, 1620, 1601, 1590, 1551, 1531, 1482, 1449, 1437, 1435, 1418, 1374, 1365, 1355, 1283, 1279, 1270, 1210, 1196, 1178, 1150, 1148, 1095, 1012, 970, 946, 915, 902, 892, 851, 844, 818, 814, 813, 808, 798, 791, 783, 719, 711, 705, 701, 698, 666, 662, 641, 623, 615, 586, 578, 551, 543, 540, 511, 509, 498, 487, 486, 480, 432, 422, 415, 412, 406, 397, 386, 384, 372, 368, 363, 157, 29, 8)",194,13.117449899999883,708.546875,0.7528931972049717,0.8135104190519808,0.8672735124023339,"[[194  44]
 [ 46 113]]"
2,GaussianProcessClassifier(kernel=1**2 * RBF(length_scale=1)),"(4275, 4274, 4258, 4251, 4223, 4196, 4195, 4180, 4169, 4167, 4163, 4147, 4135, 4029, 4019, 3968, 3964, 3902, 3897, 3892, 3890, 3884, 3847, 3846, 3845, 3835, 3793, 3780, 3759, 3721, 3720, 3719, 3680, 3611, 3530, 3519, 3430, 3414, 3411, 3337, 3320, 3291, 3279, 3267, 3265, 3258, 3257, 3255, 3236, 3225, 3214, 3211, 3143, 3134, 3125, 3122, 3107, 3082, 3081, 3066, 3058, 3042, 3040, 3034, 3027, 3026, 3025, 3021, 2972, 2969, 2925, 2920, 2900, 2876, 2873, 2828, 2806, 2787, 2767, 2765, 2764, 2720, 2719, 2657, 2598, 2596, 2585, 2500, 2429, 2363, 2332, 2331, 2325, 2322, 2250, 2219, 2182, 2179, 2172, 2155, 2153, 2130, 2120, 2119, 2115, 2105, 2096, 2095, 2094, 2093, 2092, 2080, 2060, 2051, 1981, 1979, 1978, 1975, 1970, 1960, 1919, 1862, 1852, 1834, 1804, 1796, 1782, 1738, 1736, 1688, 1671, 1667, 1639, 1620, 1601, 1590, 1578, 1551, 1531, 1482, 1466, 1449, 1437, 1435, 1418, 1374, 1365, 1355, 1287, 1283, 1279, 1270, 1210, 1196, 1178, 1150, 1148, 1095, 1012, 998, 970, 946, 916, 915, 902, 892, 851, 844, 818, 814, 813, 808, 798, 791, 783, 719, 711, 705, 701, 698, 666, 662, 641, 623, 615, 599, 586, 578, 551, 543, 540, 511, 509, 498, 487, 486, 480, 432, 422, 415, 412, 406, 397, 386, 384, 372, 368, 363, 327, 157, 29, 8)",212,930.2531629000001,1058.234375,0.7521636499994396,0.8170406839172581,0.8821148233594848,"[[197  41]
 [ 41 118]]"
48,SVC(probability=True),"(4275, 4258, 4251, 4223, 4196, 4195, 4180, 4169, 4167, 4163, 4147, 4135, 4029, 4019, 3968, 3964, 3902, 3897, 3892, 3890, 3884, 3847, 3846, 3845, 3835, 3793, 3780, 3759, 3721, 3720, 3611, 3530, 3519, 3411, 3337, 3320, 3291, 3279, 3267, 3265, 3258, 3257, 3255, 3236, 3225, 3214, 3211, 3143, 3134, 3125, 3122, 3107, 3066, 3058, 3040, 3034, 3027, 3025, 2972, 2969, 2925, 2920, 2900, 2876, 2873, 2828, 2806, 2787, 2767, 2765, 2764, 2720, 2719, 2657, 2598, 2596, 2585, 2500, 2429, 2363, 2332, 2331, 2325, 2322, 2250, 2219, 2182, 2172, 2155, 2120, 2115, 2105, 2095, 2094, 2093, 2080, 2060, 2051, 1981, 1979, 1978, 1975, 1970, 1919, 1862, 1852, 1834, 1804, 1796, 1736, 1688, 1671, 1667, 1639, 1620, 1601, 1590, 1578, 1551, 1531, 1482, 1466, 1449, 1437, 1435, 1418, 1365, 1283, 1279, 1270, 1210, 1196, 1178, 1150, 1148, 1095, 1012, 970, 946, 916, 915, 902, 892, 851, 844, 814, 813, 808, 798, 791, 783, 719, 711, 705, 698, 666, 662, 641, 623, 615, 586, 578, 551, 543, 540, 511, 509, 498, 487, 486, 480, 432, 422, 415, 412, 406, 397, 386, 384, 363, 327, 157, 29, 8)",184,14.002627500000017,709.046875,0.7518376254218072,0.8109940716993614,0.860478898549309,"[[191  47]
 [ 43 116]]"
33,"MLPClassifier(alpha=1, max_iter=1000)","(4275, 4274, 4258, 4251, 4223, 4196, 4195, 4180, 4169, 4167, 4163, 4147, 4135, 4029, 4019, 3968, 3964, 3902, 3892, 3890, 3884, 3847, 3846, 3845, 3835, 3793, 3780, 3759, 3721, 3720, 3719, 3680, 3611, 3530, 3519, 3430, 3414, 3411, 3320, 3291, 3279, 3267, 3265, 3258, 3257, 3255, 3236, 3225, 3214, 3211, 3143, 3134, 3125, 3122, 3107, 3082, 3081, 3066, 3058, 3042, 3040, 3034, 3027, 3026, 3025, 3021, 2972, 2969, 2920, 2900, 2876, 2873, 2828, 2806, 2787, 2767, 2765, 2764, 2720, 2719, 2657, 2598, 2596, 2585, 2500, 2363, 2332, 2331, 2325, 2322, 2250, 2219, 2182, 2179, 2172, 2155, 2153, 2130, 2120, 2119, 2115, 2105, 2096, 2095, 2094, 2093, 2092, 2080, 2060, 2051, 1981, 1979, 1978, 1975, 1970, 1960, 1919, 1862, 1852, 1834, 1804, 1796, 1782, 1738, 1736, 1688, 1671, 1667, 1639, 1620, 1590, 1578, 1551, 1531, 1482, 1466, 1449, 1437, 1435, 1418, 1374, 1365, 1355, 1287, 1283, 1279, 1270, 1210, 1196, 1178, 1150, 1148, 1095, 1012, 998, 970, 946, 916, 915, 902, 892, 851, 844, 818, 814, 813, 808, 798, 791, 783, 719, 711, 705, 701, 698, 666, 662, 641, 623, 615, 599, 586, 578, 551, 543, 540, 511, 509, 498, 487, 480, 432, 422, 412, 406, 386, 372, 368, 363, 327, 157, 29, 8)",203,46.141601000000264,702.7734375,0.7513909562546288,0.8130053685469303,0.8745963407256063,"[[203  35]
 [ 42 117]]"
28,SVC(probability=True),"(4275, 4274, 4258, 4251, 4223, 4196, 4195, 4180, 4169, 4167, 4163, 4147, 4135, 4019, 3968, 3964, 3902, 3897, 3892, 3890, 3884, 3847, 3845, 3835, 3793, 3780, 3759, 3721, 3720, 3719, 3680, 3611, 3530, 3519, 3430, 3414, 3411, 3337, 3320, 3279, 3267, 3265, 3258, 3257, 3255, 3225, 3214, 3211, 3143, 3134, 3125, 3122, 3107, 3082, 3066, 3058, 3042, 3040, 3027, 3026, 3025, 2972, 2969, 2925, 2920, 2900, 2876, 2873, 2828, 2806, 2767, 2765, 2720, 2719, 2657, 2598, 2596, 2585, 2500, 2429, 2363, 2332, 2331, 2325, 2322, 2250, 2219, 2182, 2179, 2172, 2155, 2153, 2130, 2120, 2119, 2115, 2105, 2096, 2094, 2093, 2080, 2060, 2051, 1981, 1978, 1975, 1970, 1960, 1919, 1862, 1852, 1834, 1804, 1796, 1782, 1738, 1736, 1688, 1671, 1667, 1639, 1620, 1601, 1531, 1482, 1466, 1449, 1437, 1435, 1418, 1374, 1365, 1355, 1287, 1283, 1279, 1270, 1210, 1196, 1178, 1150, 1148, 1095, 1012, 998, 970, 946, 916, 915, 902, 892, 851, 844, 818, 814, 813, 808, 798, 791, 783, 719, 711, 705, 701, 698, 666, 662, 641, 623, 615, 599, 586, 578, 551, 543, 540, 511, 509, 498, 487, 486, 480, 432, 422, 415, 412, 406, 397, 386, 384, 372, 368, 363, 327, 157, 29, 8)",197,14.97001739999996,707.1640625,0.7501005145534196,0.8109927995318424,0.8654452493122079,"[[194  44]
 [ 46 113]]"
47,SVC(probability=True),"(4275, 4274, 4258, 4251, 4223, 4196, 4195, 4180, 4169, 4167, 4163, 4147, 4135, 4029, 4019, 3968, 3902, 3897, 3892, 3890, 3884, 3847, 3846, 3845, 3835, 3793, 3780, 3759, 3721, 3720, 3719, 3611, 3530, 3519, 3430, 3414, 3411, 3337, 3320, 3291, 3279, 3267, 3265, 3258, 3257, 3255, 3236, 3225, 3214, 3143, 3134, 3125, 3122, 3082, 3066, 3058, 3042, 3040, 3034, 3027, 3026, 2972, 2969, 2925, 2920, 2900, 2876, 2873, 2806, 2787, 2767, 2765, 2764, 2720, 2719, 2657, 2598, 2596, 2585, 2500, 2429, 2363, 2332, 2331, 2325, 2322, 2250, 2219, 2182, 2179, 2172, 2155, 2130, 2120, 2115, 2105, 2096, 2095, 2094, 2093, 2092, 2080, 2060, 2051, 1981, 1979, 1978, 1975, 1970, 1960, 1919, 1862, 1852, 1834, 1804, 1796, 1782, 1738, 1736, 1688, 1671, 1667, 1639, 1620, 1601, 1590, 1578, 1551, 1531, 1482, 1466, 1449, 1435, 1418, 1374, 1365, 1355, 1287, 1283, 1279, 1270, 1210, 1196, 1178, 1150, 1148, 1095, 1012, 998, 970, 946, 916, 915, 902, 892, 851, 844, 818, 814, 813, 808, 798, 791, 783, 719, 711, 705, 701, 698, 662, 641, 623, 615, 599, 586, 551, 543, 540, 511, 509, 498, 487, 486, 480, 432, 422, 415, 412, 397, 386, 384, 372, 368, 363, 327, 157, 29)",197,14.749640500000169,710.8359375,0.7486883311883311,0.8135078747169426,0.8576335683544972,"[[191  47]
 [ 48 111]]"
24,"MLPClassifier(alpha=1, max_iter=1000)","(4275, 4274, 4258, 4251, 4223, 4196, 4195, 4180, 4169, 4167, 4163, 4147, 4135, 4029, 4019, 3968, 3964, 3902, 3897, 3892, 3890, 3884, 3847, 3846, 3845, 3835, 3793, 3780, 3759, 3721, 3719, 3680, 3611, 3530, 3519, 3430, 3414, 3411, 3337, 3320, 3291, 3279, 3267, 3265, 3258, 3257, 3255, 3236, 3225, 3214, 3211, 3143, 3134, 3125, 3122, 3107, 3082, 3081, 3066, 3058, 3042, 3040, 3034, 3027, 3026, 3025, 3021, 2972, 2969, 2925, 2920, 2900, 2876, 2873, 2828, 2806, 2787, 2767, 2765, 2764, 2720, 2719, 2657, 2598, 2596, 2585, 2500, 2429, 2363, 2332, 2331, 2325, 2322, 2250, 2219, 2182, 2179, 2172, 2155, 2153, 2130, 2120, 2119, 2115, 2105, 2096, 2095, 2094, 2093, 2092, 2080, 2060, 2051, 1981, 1979, 1978, 1975, 1970, 1960, 1919, 1862, 1852, 1834, 1804, 1796, 1782, 1738, 1736, 1688, 1671, 1667, 1639, 1620, 1601, 1551, 1531, 1482, 1466, 1449, 1437, 1435, 1418, 1374, 1365, 1355, 1287, 1283, 1279, 1210, 1196, 1178, 1148, 1095, 1012, 998, 970, 946, 916, 915, 902, 892, 851, 844, 818, 814, 813, 808, 798, 791, 783, 719, 711, 705, 701, 698, 666, 662, 641, 623, 615, 599, 586, 578, 551, 543, 540, 511, 509, 498, 487, 486, 480, 432, 422, 415, 412, 406, 397, 386, 384, 372, 368, 363, 327, 157, 29, 8)",207,46.73554769999987,703.1640625,0.7485505260428469,0.8125028623769177,0.8765173240301614,"[[200  38]
 [ 43 116]]"
25,"MLPClassifier(alpha=1, max_iter=1000)","(4275, 4274, 4258, 4251, 4223, 4196, 4195, 4180, 4169, 4167, 4163, 4147, 4135, 4029, 4019, 3968, 3964, 3902, 3892, 3890, 3884, 3847, 3846, 3845, 3835, 3793, 3780, 3759, 3721, 3720, 3719, 3680, 3611, 3530, 3519, 3430, 3414, 3411, 3320, 3291, 3279, 3267, 3265, 3258, 3257, 3255, 3236, 3225, 3214, 3211, 3143, 3134, 3125, 3122, 3107, 3082, 3081, 3066, 3058, 3042, 3040, 3034, 3027, 3026, 3025, 3021, 2972, 2969, 2920, 2900, 2876, 2873, 2828, 2806, 2787, 2767, 2765, 2764, 2720, 2719, 2657, 2598, 2596, 2585, 2500, 2363, 2332, 2331, 2325, 2322, 2250, 2219, 2182, 2179, 2172, 2155, 2153, 2130, 2120, 2119, 2115, 2105, 2096, 2095, 2094, 2093, 2092, 2080, 2060, 2051, 1981, 1979, 1978, 1975, 1970, 1960, 1919, 1862, 1852, 1834, 1804, 1796, 1782, 1738, 1736, 1688, 1671, 1667, 1639, 1620, 1590, 1578, 1551, 1531, 1482, 1466, 1449, 1437, 1435, 1418, 1374, 1365, 1355, 1283, 1279, 1270, 1210, 1196, 1178, 1150, 1148, 1095, 1012, 970, 946, 916, 915, 902, 892, 851, 844, 818, 814, 813, 808, 798, 791, 783, 719, 711, 705, 701, 698, 666, 662, 641, 623, 615, 586, 578, 551, 543, 540, 511, 509, 498, 487, 480, 432, 422, 412, 406, 386, 372, 368, 363, 327, 157, 29, 8)",200,43.814864099999795,702.88671875,0.7476624926434855,0.8114927613668168,0.8730898255727734,"[[203  35]
 [ 43 116]]"
30,"MLPClassifier(alpha=1, max_iter=1000)","(4275, 4274, 4258, 4251, 4223, 4196, 4195, 4180, 4169, 4167, 4163, 4147, 4135, 4029, 4019, 3968, 3964, 3902, 3897, 3892, 3890, 3884, 3847, 3846, 3845, 3835, 3793, 3780, 3759, 3721, 3719, 3680, 3611, 3530, 3519, 3430, 3414, 3411, 3337, 3320, 3291, 3279, 3267, 3265, 3258, 3257, 3255, 3236, 3225, 3214, 3211, 3143, 3134, 3125, 3122, 3107, 3082, 3081, 3066, 3058, 3042, 3040, 3034, 3027, 3026, 3025, 3021, 2972, 2969, 2925, 2920, 2900, 2876, 2873, 2828, 2806, 2787, 2767, 2765, 2764, 2720, 2719, 2657, 2598, 2596, 2585, 2500, 2429, 2363, 2332, 2331, 2325, 2322, 2250, 2219, 2182, 2179, 2172, 2155, 2130, 2120, 2115, 2105, 2096, 2095, 2094, 2093, 2092, 2080, 2060, 2051, 1981, 1979, 1978, 1975, 1970, 1960, 1919, 1862, 1852, 1834, 1804, 1796, 1782, 1738, 1736, 1688, 1671, 1667, 1639, 1620, 1601, 1590, 1578, 1551, 1531, 1482, 1466, 1449, 1437, 1435, 1418, 1374, 1365, 1355, 1287, 1283, 1279, 1270, 1210, 1196, 1178, 1150, 1148, 1095, 1012, 998, 970, 946, 916, 915, 902, 892, 851, 844, 818, 814, 813, 808, 798, 791, 783, 719, 711, 705, 701, 698, 666, 662, 641, 623, 615, 599, 586, 578, 551, 543, 540, 511, 509, 498, 487, 486, 480, 432, 422, 415, 412, 406, 397, 386, 384, 372, 368, 363, 327, 157, 29, 8)",209,44.5565959999999,703.0234375,0.747404629755397,0.8160318550746762,0.8778806858106669,"[[203  35]
 [ 43 116]]"
23,"MLPClassifier(alpha=1, max_iter=1000)","(4275, 4274, 4258, 4251, 4223, 4196, 4195, 4180, 4169, 4167, 4163, 4147, 4135, 4029, 4019, 3968, 3964, 3902, 3897, 3892, 3890, 3884, 3847, 3846, 3845, 3835, 3780, 3759, 3721, 3720, 3719, 3680, 3611, 3530, 3519, 3430, 3414, 3411, 3337, 3320, 3291, 3279, 3267, 3265, 3258, 3257, 3255, 3236, 3225, 3214, 3211, 3143, 3134, 3125, 3122, 3107, 3082, 3081, 3066, 3058, 3042, 3040, 3034, 3027, 3026, 3025, 3021, 2972, 2969, 2925, 2920, 2900, 2876, 2873, 2828, 2806, 2787, 2767, 2765, 2764, 2720, 2719, 2657, 2598, 2596, 2585, 2500, 2429, 2363, 2332, 2331, 2325, 2322, 2250, 2219, 2182, 2179, 2172, 2155, 2153, 2130, 2120, 2119, 2115, 2105, 2096, 2095, 2094, 2093, 2092, 2080, 2060, 2051, 1981, 1979, 1978, 1975, 1970, 1960, 1919, 1862, 1852, 1834, 1804, 1796, 1782, 1738, 1736, 1688, 1671, 1667, 1639, 1620, 1601, 1590, 1578, 1551, 1531, 1482, 1466, 1449, 1437, 1435, 1418, 1374, 1365, 1355, 1287, 1283, 1279, 1270, 1210, 1196, 1178, 1150, 1148, 1095, 1012, 998, 970, 946, 916, 915, 902, 892, 851, 844, 818, 814, 813, 808, 798, 791, 783, 719, 711, 705, 701, 698, 666, 662, 641, 623, 615, 599, 586, 578, 551, 540, 511, 509, 498, 487, 486, 480, 432, 422, 415, 412, 406, 397, 386, 384, 368, 363, 327, 157, 29, 8)",209,50.84383170000001,703.4921875,0.7458183234191396,0.8135116912194998,0.8762941315567705,"[[201  37]
 [ 41 118]]"
26,"MLPClassifier(alpha=1, max_iter=1000)","(4275, 4274, 4258, 4251, 4223, 4196, 4195, 4180, 4169, 4167, 4163, 4147, 4135, 4029, 3968, 3964, 3902, 3897, 3892, 3890, 3884, 3847, 3846, 3835, 3780, 3759, 3721, 3720, 3719, 3680, 3530, 3519, 3430, 3414, 3411, 3337, 3320, 3291, 3279, 3267, 3265, 3258, 3257, 3255, 3236, 3225, 3214, 3211, 3143, 3134, 3125, 3122, 3107, 3082, 3081, 3066, 3042, 3040, 3034, 3027, 3026, 3025, 3021, 2972, 2969, 2925, 2920, 2900, 2876, 2873, 2828, 2806, 2767, 2765, 2720, 2719, 2657, 2598, 2596, 2585, 2500, 2429, 2363, 2332, 2331, 2325, 2322, 2250, 2219, 2182, 2179, 2172, 2155, 2153, 2130, 2120, 2119, 2115, 2105, 2096, 2094, 2093, 2092, 2080, 2060, 2051, 1981, 1978, 1975, 1970, 1960, 1919, 1862, 1852, 1834, 1804, 1796, 1782, 1738, 1736, 1688, 1671, 1667, 1639, 1620, 1601, 1551, 1531, 1482, 1466, 1449, 1437, 1435, 1418, 1374, 1365, 1355, 1287, 1283, 1279, 1210, 1196, 1178, 1148, 1095, 1012, 998, 970, 946, 916, 902, 892, 851, 844, 818, 814, 813, 808, 798, 791, 783, 719, 711, 705, 701, 666, 662, 641, 623, 615, 599, 586, 578, 551, 540, 511, 509, 498, 487, 486, 480, 432, 422, 415, 412, 406, 397, 386, 384, 368, 363, 327, 157, 29, 8)",195,42.27297409999983,702.578125,0.7440795249146319,0.8130079128819683,0.8712609828184119,"[[199  39]
 [ 47 112]]"
14,"MLPClassifier(alpha=1, max_iter=1000)","(4275, 4274, 4258, 4251, 4223, 4196, 4195, 4180, 4169, 4167, 4163, 4147, 4135, 4029, 4019, 3968, 3964, 3902, 3897, 3892, 3890, 3884, 3847, 3846, 3845, 3835, 3780, 3759, 3721, 3719, 3680, 3611, 3530, 3519, 3430, 3414, 3411, 3337, 3320, 3291, 3279, 3267, 3265, 3258, 3257, 3255, 3236, 3225, 3214, 3211, 3143, 3134, 3125, 3122, 3107, 3082, 3066, 3058, 3042, 3040, 3034, 3027, 3026, 3025, 2972, 2969, 2925, 2920, 2900, 2876, 2873, 2828, 2806, 2787, 2767, 2765, 2764, 2720, 2719, 2657, 2598, 2596, 2585, 2500, 2429, 2363, 2332, 2331, 2325, 2322, 2250, 2219, 2182, 2179, 2172, 2155, 2130, 2120, 2115, 2105, 2096, 2095, 2094, 2093, 2092, 2080, 2060, 2051, 1981, 1979, 1978, 1975, 1970, 1960, 1919, 1862, 1852, 1834, 1804, 1796, 1782, 1738, 1736, 1688, 1671, 1667, 1639, 1620, 1601, 1551, 1531, 1482, 1466, 1449, 1437, 1435, 1418, 1374, 1365, 1355, 1287, 1283, 1279, 1210, 1196, 1178, 1148, 1095, 1012, 998, 970, 946, 916, 915, 902, 892, 851, 844, 818, 814, 813, 808, 798, 791, 783, 719, 711, 705, 701, 698, 666, 662, 641, 623, 615, 599, 586, 578, 551, 540, 511, 509, 498, 487, 486, 480, 432, 422, 415, 412, 406, 397, 386, 384, 368, 363, 327, 157, 29, 8)",200,58.63615159999995,711.23828125,0.743678423540368,0.8120041727094623,0.8744136023767043,"[[201  37]
 [ 44 115]]"
29,"MLPClassifier(alpha=1, max_iter=1000)","(4275, 4274, 4258, 4251, 4223, 4196, 4195, 4180, 4169, 4167, 4163, 4147, 4135, 4029, 3968, 3964, 3902, 3897, 3892, 3890, 3884, 3847, 3846, 3835, 3780, 3759, 3721, 3720, 3719, 3680, 3530, 3519, 3430, 3414, 3411, 3337, 3320, 3291, 3279, 3267, 3265, 3258, 3257, 3255, 3236, 3225, 3214, 3211, 3143, 3134, 3125, 3122, 3107, 3082, 3081, 3066, 3042, 3040, 3034, 3027, 3026, 3025, 3021, 2972, 2969, 2925, 2920, 2900, 2876, 2873, 2828, 2806, 2787, 2767, 2765, 2764, 2720, 2719, 2657, 2598, 2596, 2585, 2500, 2429, 2363, 2332, 2331, 2325, 2322, 2250, 2219, 2182, 2179, 2172, 2155, 2130, 2120, 2115, 2105, 2096, 2095, 2094, 2093, 2092, 2080, 2060, 2051, 1981, 1979, 1978, 1975, 1970, 1960, 1919, 1862, 1852, 1834, 1804, 1796, 1782, 1738, 1736, 1688, 1671, 1667, 1639, 1620, 1601, 1590, 1578, 1551, 1531, 1482, 1466, 1449, 1437, 1435, 1418, 1374, 1365, 1355, 1287, 1283, 1279, 1210, 1196, 1178, 1148, 1095, 1012, 998, 970, 946, 916, 902, 892, 851, 844, 818, 814, 813, 808, 798, 791, 783, 719, 711, 705, 701, 666, 662, 641, 623, 615, 599, 586, 578, 551, 540, 511, 509, 498, 487, 486, 480, 432, 422, 415, 412, 406, 397, 386, 384, 368, 363, 327, 157, 29, 8)",199,42.91112329999987,701.71484375,0.7435705690476861,0.8130091850494873,0.87198543265726,"[[199  39]
 [ 45 114]]"
11,"MLPClassifier(alpha=1, max_iter=1000)","(4275, 4274, 4258, 4251, 4223, 4196, 4195, 4180, 4169, 4167, 4163, 4147, 4029, 4019, 3964, 3902, 3897, 3892, 3890, 3884, 3847, 3846, 3845, 3835, 3793, 3780, 3759, 3721, 3720, 3611, 3530, 3430, 3414, 3411, 3337, 3320, 3291, 3267, 3265, 3258, 3257, 3255, 3236, 3225, 3214, 3211, 3143, 3134, 3125, 3122, 3107, 3082, 3081, 3066, 3058, 3042, 3040, 3034, 3027, 3026, 3021, 2972, 2969, 2925, 2920, 2900, 2876, 2873, 2828, 2806, 2787, 2767, 2765, 2764, 2719, 2657, 2598, 2596, 2585, 2500, 2429, 2363, 2332, 2331, 2325, 2322, 2219, 2182, 2179, 2172, 2155, 2153, 2130, 2120, 2119, 2115, 2105, 2096, 2095, 2094, 2093, 2092, 2080, 2060, 2051, 1981, 1979, 1978, 1975, 1970, 1960, 1919, 1862, 1852, 1834, 1804, 1796, 1782, 1738, 1736, 1688, 1671, 1667, 1639, 1620, 1590, 1578, 1551, 1531, 1482, 1466, 1449, 1437, 1435, 1418, 1374, 1365, 1355, 1287, 1283, 1279, 1270, 1210, 1196, 1178, 1150, 1148, 1095, 1012, 998, 970, 946, 916, 915, 892, 851, 844, 818, 814, 813, 808, 798, 791, 783, 719, 711, 701, 698, 666, 662, 641, 623, 615, 599, 586, 578, 551, 543, 540, 511, 509, 498, 487, 486, 432, 422, 415, 406, 397, 384, 372, 368, 363, 327, 157, 29, 8)",197,55.986935799999856,705.40234375,0.7430766805087666,0.8084726356766658,0.8734901479101312,"[[204  34]
 [ 44 115]]"
49,SVC(probability=True),"(4275, 4258, 4251, 4223, 4196, 4195, 4180, 4169, 4163, 4147, 4135, 4029, 4019, 3968, 3964, 3897, 3892, 3890, 3884, 3847, 3846, 3835, 3793, 3780, 3759, 3721, 3720, 3719, 3680, 3611, 3530, 3519, 3430, 3414, 3411, 3337, 3320, 3291, 3279, 3267, 3265, 3258, 3257, 3255, 3236, 3225, 3214, 3211, 3143, 3125, 3122, 3107, 3066, 3058, 3042, 3040, 3034, 3027, 3026, 3025, 2972, 2969, 2925, 2920, 2876, 2828, 2806, 2787, 2767, 2764, 2720, 2719, 2657, 2598, 2596, 2585, 2500, 2429, 2363, 2332, 2331, 2325, 2322, 2250, 2219, 2182, 2172, 2155, 2130, 2120, 2115, 2105, 2096, 2095, 2094, 2093, 2092, 2080, 2060, 2051, 1981, 1979, 1978, 1970, 1960, 1919, 1862, 1852, 1834, 1804, 1796, 1782, 1738, 1736, 1688, 1671, 1667, 1639, 1620, 1601, 1590, 1578, 1551, 1531, 1482, 1466, 1449, 1437, 1435, 1374, 1365, 1287, 1283, 1279, 1270, 1210, 1196, 1178, 1150, 1095, 1012, 998, 970, 946, 916, 915, 902, 892, 851, 818, 813, 808, 798, 791, 783, 711, 705, 701, 698, 666, 662, 623, 599, 586, 578, 551, 543, 540, 511, 498, 487, 432, 422, 415, 412, 406, 397, 386, 384, 372, 368, 327, 157, 8)",184,14.122605099999873,708.79296875,0.7426574291238472,0.8039424471414396,0.8558614748542519,"[[188  50]
 [ 42 117]]"
19,"MLPClassifier(alpha=1, max_iter=1000)","(4275, 4274, 4258, 4251, 4223, 4196, 4195, 4180, 4169, 4167, 4163, 4147, 4135, 4029, 4019, 3968, 3964, 3902, 3897, 3892, 3890, 3884, 3847, 3846, 3845, 3835, 3780, 3759, 3721, 3719, 3680, 3611, 3530, 3519, 3430, 3414, 3411, 3337, 3320, 3291, 3279, 3267, 3265, 3258, 3257, 3255, 3236, 3225, 3214, 3211, 3143, 3134, 3125, 3122, 3107, 3082, 3081, 3066, 3058, 3042, 3040, 3034, 3027, 3026, 3025, 3021, 2972, 2969, 2925, 2920, 2900, 2876, 2873, 2828, 2806, 2787, 2767, 2765, 2764, 2720, 2719, 2657, 2598, 2596, 2585, 2500, 2429, 2363, 2332, 2331, 2325, 2322, 2250, 2219, 2182, 2179, 2172, 2155, 2153, 2130, 2120, 2119, 2115, 2105, 2096, 2095, 2094, 2093, 2092, 2080, 2060, 2051, 1981, 1979, 1978, 1975, 1970, 1960, 1919, 1862, 1852, 1834, 1804, 1796, 1782, 1738, 1736, 1688, 1671, 1667, 1639, 1620, 1601, 1551, 1531, 1482, 1466, 1449, 1437, 1435, 1418, 1374, 1365, 1355, 1287, 1283, 1279, 1210, 1196, 1178, 1148, 1095, 1012, 998, 970, 946, 916, 915, 902, 892, 851, 844, 818, 814, 813, 808, 798, 791, 783, 719, 711, 705, 701, 698, 666, 662, 641, 623, 615, 599, 586, 578, 551, 540, 511, 509, 498, 487, 486, 480, 432, 422, 415, 412, 406, 397, 386, 384, 368, 363, 327, 157, 29, 8)",204,69.23388039999986,718.5546875,0.7409871720931261,0.8125041345444368,0.8743149889324411,"[[199  39]
 [ 41 118]]"
18,"MLPClassifier(alpha=1, max_iter=1000)","(4275, 4274, 4258, 4251, 4223, 4196, 4195, 4180, 4169, 4167, 4163, 4147, 4029, 4019, 3964, 3902, 3897, 3892, 3890, 3884, 3847, 3846, 3845, 3835, 3793, 3780, 3759, 3721, 3720, 3611, 3530, 3430, 3414, 3411, 3337, 3320, 3291, 3267, 3265, 3258, 3257, 3255, 3236, 3225, 3214, 3211, 3143, 3134, 3125, 3122, 3107, 3082, 3081, 3066, 3058, 3042, 3040, 3034, 3027, 3026, 3021, 2972, 2969, 2925, 2920, 2900, 2876, 2873, 2828, 2806, 2787, 2767, 2765, 2764, 2719, 2657, 2598, 2596, 2585, 2500, 2429, 2363, 2332, 2331, 2325, 2322, 2219, 2182, 2179, 2172, 2155, 2153, 2130, 2120, 2119, 2115, 2105, 2096, 2095, 2094, 2093, 2092, 2080, 2060, 2051, 1981, 1979, 1978, 1975, 1970, 1960, 1919, 1862, 1852, 1834, 1804, 1796, 1782, 1738, 1736, 1688, 1671, 1667, 1639, 1620, 1601, 1551, 1531, 1482, 1466, 1449, 1437, 1435, 1418, 1374, 1365, 1355, 1287, 1283, 1279, 1210, 1196, 1178, 1148, 1095, 1012, 998, 970, 946, 916, 915, 892, 851, 844, 818, 814, 813, 808, 798, 791, 783, 719, 711, 701, 698, 666, 662, 641, 623, 615, 599, 586, 578, 551, 543, 540, 511, 509, 498, 487, 486, 432, 422, 415, 406, 397, 384, 372, 368, 363, 327, 157, 29, 8)",194,66.59534739999981,718.3671875,0.7401859256123497,0.8104877490267919,0.872070550336208,"[[205  33]
 [ 43 116]]"
5,"MLPClassifier(alpha=1, max_iter=1000)","(4275, 4274, 4258, 4251, 4223, 4196, 4195, 4180, 4169, 4167, 4163, 4147, 4135, 4029, 4019, 3968, 3964, 3902, 3897, 3892, 3890, 3884, 3847, 3846, 3845, 3835, 3793, 3780, 3759, 3721, 3720, 3719, 3680, 3611, 3530, 3519, 3430, 3414, 3411, 3337, 3320, 3291, 3279, 3267, 3265, 3258, 3257, 3255, 3236, 3225, 3214, 3211, 3143, 3134, 3125, 3122, 3107, 3082, 3081, 3066, 3058, 3042, 3040, 3034, 3027, 3026, 3025, 3021, 2972, 2969, 2925, 2920, 2900, 2876, 2873, 2828, 2806, 2787, 2767, 2765, 2764, 2720, 2719, 2657, 2598, 2596, 2585, 2500, 2429, 2363, 2332, 2331, 2325, 2322, 2250, 2219, 2182, 2179, 2172, 2155, 2153, 2130, 2120, 2119, 2115, 2105, 2096, 2095, 2094, 2093, 2092, 2080, 2060, 2051, 1981, 1979, 1978, 1975, 1970, 1960, 1919, 1862, 1852, 1834, 1804, 1796, 1782, 1738, 1736, 1688, 1671, 1667, 1639, 1620, 1601, 1590, 1578, 1551, 1531, 1482, 1466, 1449, 1437, 1435, 1418, 1374, 1365, 1355, 1287, 1283, 1279, 1270, 1210, 1196, 1178, 1150, 1148, 1095, 1012, 998, 970, 946, 916, 915, 902, 892, 851, 844, 818, 814, 813, 808, 798, 791, 783, 719, 711, 705, 701, 698, 666, 662, 641, 623, 615, 599, 586, 578, 551, 543, 540, 511, 509, 498, 487, 486, 480, 432, 422, 415, 412, 406, 397, 386, 384, 372, 368, 363, 327, 157, 29, 8)",212,63.667482600000085,688.7109375,0.7397102076006185,0.8165356334122078,0.8778157553324648,"[[202  36]
 [ 41 118]]"
57,"MLPClassifier(alpha=1, max_iter=1000)","(4275, 4274, 4258, 4251, 4223, 4196, 4195, 4180, 4167, 4163, 4147, 4135, 4029, 4019, 3968, 3964, 3897, 3892, 3890, 3884, 3847, 3846, 3845, 3835, 3793, 3780, 3759, 3721, 3719, 3680, 3611, 3530, 3519, 3430, 3414, 3411, 3337, 3320, 3291, 3279, 3267, 3265, 3258, 3257, 3255, 3236, 3225, 3214, 3211, 3143, 3134, 3125, 3107, 3082, 3066, 3058, 3042, 3040, 3034, 3027, 3026, 3025, 2972, 2969, 2925, 2920, 2900, 2876, 2873, 2828, 2787, 2767, 2764, 2720, 2719, 2657, 2598, 2596, 2585, 2500, 2429, 2363, 2332, 2331, 2325, 2322, 2250, 2219, 2182, 2179, 2172, 2155, 2130, 2120, 2115, 2105, 2096, 2095, 2094, 2093, 2092, 2080, 2060, 1981, 1978, 1975, 1970, 1960, 1862, 1852, 1834, 1804, 1796, 1782, 1738, 1736, 1688, 1671, 1667, 1639, 1620, 1601, 1590, 1578, 1551, 1531, 1482, 1466, 1449, 1437, 1435, 1418, 1374, 1365, 1287, 1283, 1279, 1270, 1210, 1196, 1178, 1150, 1095, 1012, 998, 946, 916, 915, 902, 892, 851, 844, 818, 813, 808, 798, 791, 783, 719, 711, 705, 701, 698, 662, 641, 623, 615, 578, 551, 543, 540, 511, 509, 498, 487, 486, 480, 432, 422, 415, 412, 406, 397, 386, 384, 372, 363, 327, 157, 29, 8)",191,72.70455399999992,706.2421875,0.7394144157948137,0.8099814263542224,0.8752315027595307,"[[200  38]
 [ 46 113]]"
21,"MLPClassifier(alpha=1, max_iter=1000)","(4275, 4258, 4223, 4196, 4195, 4180, 4167, 4163, 4147, 4135, 4029, 4019, 3964, 3902, 3897, 3892, 3890, 3884, 3847, 3846, 3845, 3835, 3793, 3780, 3759, 3721, 3720, 3719, 3680, 3611, 3530, 3519, 3430, 3414, 3337, 3320, 3291, 3279, 3267, 3265, 3258, 3257, 3255, 3225, 3214, 3211, 3143, 3134, 3125, 3122, 3107, 3082, 3081, 3066, 3058, 3042, 3040, 3034, 3027, 3026, 3025, 3021, 2972, 2969, 2925, 2920, 2900, 2876, 2873, 2828, 2806, 2787, 2767, 2765, 2764, 2720, 2719, 2657, 2598, 2596, 2585, 2500, 2429, 2363, 2332, 2331, 2325, 2322, 2250, 2219, 2182, 2179, 2155, 2153, 2130, 2120, 2119, 2115, 2105, 2096, 2095, 2094, 2093, 2092, 2080, 2060, 2051, 1981, 1978, 1975, 1970, 1960, 1919, 1862, 1834, 1804, 1796, 1782, 1736, 1688, 1671, 1667, 1639, 1620, 1601, 1590, 1578, 1551, 1531, 1482, 1466, 1449, 1437, 1435, 1418, 1374, 1365, 1355, 1287, 1279, 1270, 1210, 1178, 1150, 1148, 1095, 1012, 998, 970, 946, 916, 915, 902, 892, 851, 844, 818, 814, 813, 808, 798, 791, 719, 711, 705, 701, 698, 666, 662, 641, 623, 615, 599, 586, 578, 551, 543, 540, 511, 509, 498, 487, 486, 480, 432, 422, 415, 412, 406, 397, 386, 384, 372, 368, 363, 327, 157, 29, 8)",199,55.41775310000003,702.37890625,0.7368615099443203,0.8165394499147647,0.8764970573851706,"[[204  34]
 [ 47 112]]"
56,"MLPClassifier(alpha=1, max_iter=1000)","(4275, 4274, 4258, 4251, 4223, 4196, 4180, 4169, 4167, 4147, 4135, 4029, 4019, 3968, 3964, 3902, 3897, 3892, 3890, 3884, 3847, 3846, 3845, 3835, 3793, 3780, 3759, 3721, 3720, 3719, 3680, 3611, 3530, 3519, 3430, 3414, 3411, 3337, 3320, 3291, 3279, 3267, 3265, 3258, 3257, 3255, 3225, 3214, 3211, 3143, 3134, 3125, 3122, 3107, 3082, 3066, 3058, 3040, 3034, 3027, 3026, 3025, 2972, 2969, 2925, 2920, 2900, 2876, 2873, 2828, 2806, 2787, 2767, 2765, 2764, 2720, 2657, 2598, 2596, 2585, 2500, 2429, 2363, 2332, 2331, 2325, 2322, 2250, 2182, 2172, 2155, 2130, 2120, 2115, 2105, 2096, 2095, 2094, 2093, 2092, 2080, 2060, 2051, 1981, 1979, 1978, 1975, 1960, 1919, 1862, 1852, 1834, 1804, 1796, 1782, 1738, 1736, 1688, 1671, 1667, 1639, 1620, 1601, 1590, 1578, 1551, 1531, 1482, 1466, 1449, 1437, 1435, 1418, 1374, 1365, 1355, 1283, 1210, 1196, 1178, 1150, 1148, 1095, 970, 946, 916, 915, 902, 892, 851, 844, 814, 813, 808, 791, 783, 719, 711, 705, 701, 698, 666, 662, 641, 623, 615, 586, 578, 543, 540, 511, 509, 498, 487, 486, 480, 422, 415, 412, 406, 397, 386, 384, 372, 368, 363, 327, 157, 29, 8)",190,65.15733750000027,706.234375,0.7348348322847148,0.809482736686767,0.8685351261753009,"[[204  34]
 [ 47 112]]"
10,LogisticRegression(),"(4275, 4274, 4258, 4251, 4223, 4196, 4195, 4180, 4169, 4167, 4163, 4147, 4135, 4029, 4019, 3968, 3964, 3902, 3897, 3892, 3890, 3884, 3847, 3846, 3845, 3835, 3793, 3780, 3759, 3721, 3720, 3719, 3680, 3611, 3530, 3519, 3430, 3414, 3411, 3337, 3320, 3291, 3279, 3267, 3265, 3258, 3257, 3255, 3236, 3225, 3214, 3211, 3143, 3134, 3125, 3122, 3107, 3082, 3081, 3066, 3058, 3042, 3040, 3034, 3027, 3026, 3025, 3021, 2972, 2969, 2925, 2920, 2900, 2876, 2873, 2828, 2806, 2787, 2767, 2765, 2764, 2720, 2719, 2657, 2598, 2596, 2585, 2500, 2429, 2363, 2332, 2331, 2325, 2322, 2250, 2219, 2182, 2179, 2172, 2155, 2153, 2130, 2120, 2119, 2115, 2105, 2096, 2095, 2094, 2093, 2092, 2080, 2060, 2051, 1981, 1979, 1978, 1975, 1970, 1960, 1919, 1862, 1852, 1834, 1804, 1796, 1782, 1738, 1736, 1688, 1671, 1667, 1639, 1620, 1601, 1590, 1578, 1551, 1531, 1482, 1466, 1449, 1437, 1435, 1418, 1374, 1365, 1355, 1287, 1283, 1279, 1270, 1210, 1196, 1178, 1150, 1148, 1095, 1012, 998, 970, 946, 916, 915, 902, 892, 851, 844, 818, 814, 813, 808, 798, 791, 783, 719, 711, 705, 701, 698, 666, 662, 641, 623, 615, 599, 586, 578, 551, 543, 540, 511, 509, 498, 487, 486, 480, 432, 422, 415, 412, 406, 397, 386, 384, 372, 368, 363, 327, 157, 29, 8)",212,1.4046500000001743,712.34765625,0.7323790799652163,0.8069638449991094,0.8716123903585796,"[[203  35]
 [ 45 114]]"
15,LogisticRegression(),"(4275, 4274, 4258, 4251, 4223, 4196, 4195, 4180, 4169, 4167, 4163, 4147, 4135, 4029, 4019, 3968, 3964, 3902, 3897, 3892, 3890, 3884, 3847, 3846, 3845, 3835, 3793, 3780, 3759, 3721, 3720, 3719, 3680, 3611, 3530, 3519, 3430, 3414, 3411, 3337, 3320, 3291, 3279, 3267, 3265, 3258, 3257, 3255, 3236, 3225, 3214, 3211, 3143, 3134, 3125, 3122, 3107, 3082, 3081, 3066, 3058, 3042, 3040, 3034, 3027, 3026, 3025, 3021, 2972, 2969, 2925, 2920, 2900, 2876, 2873, 2828, 2806, 2787, 2767, 2765, 2764, 2720, 2719, 2657, 2598, 2596, 2585, 2500, 2429, 2363, 2332, 2331, 2325, 2322, 2250, 2219, 2182, 2179, 2172, 2155, 2153, 2130, 2120, 2119, 2115, 2105, 2096, 2095, 2094, 2093, 2092, 2080, 2060, 2051, 1981, 1979, 1978, 1975, 1970, 1960, 1919, 1862, 1852, 1834, 1804, 1796, 1782, 1738, 1736, 1688, 1671, 1667, 1639, 1620, 1601, 1590, 1578, 1551, 1531, 1482, 1466, 1449, 1437, 1435, 1418, 1374, 1365, 1355, 1283, 1279, 1270, 1210, 1196, 1178, 1150, 1148, 1095, 1012, 998, 970, 946, 916, 915, 902, 892, 851, 844, 818, 814, 813, 808, 798, 791, 783, 719, 711, 705, 701, 698, 666, 662, 641, 623, 615, 599, 586, 578, 551, 543, 540, 511, 509, 498, 487, 486, 480, 432, 422, 415, 412, 406, 397, 386, 384, 372, 368, 363, 327, 157, 29, 8)",211,1.7663496000000123,720.81640625,0.7315318112918607,0.806460066661578,0.8717609407826501,"[[203  35]
 [ 45 114]]"
17,"MLPClassifier(alpha=1, max_iter=1000)","(4274, 4258, 4251, 4223, 4196, 4195, 4180, 4169, 4167, 4163, 4147, 4135, 4029, 4019, 3968, 3964, 3902, 3897, 3892, 3884, 3847, 3846, 3845, 3835, 3780, 3759, 3721, 3719, 3680, 3611, 3530, 3519, 3430, 3414, 3411, 3337, 3320, 3291, 3279, 3267, 3265, 3258, 3257, 3255, 3225, 3214, 3211, 3134, 3125, 3122, 3107, 3082, 3066, 3058, 3042, 3034, 3027, 3026, 3025, 2972, 2969, 2925, 2920, 2900, 2876, 2873, 2828, 2806, 2787, 2767, 2764, 2720, 2719, 2657, 2598, 2596, 2585, 2500, 2332, 2331, 2325, 2322, 2250, 2219, 2182, 2172, 2155, 2130, 2120, 2115, 2105, 2096, 2095, 2094, 2093, 2092, 2080, 2060, 2051, 1981, 1979, 1978, 1975, 1970, 1960, 1919, 1862, 1852, 1834, 1804, 1796, 1782, 1738, 1736, 1688, 1671, 1667, 1639, 1620, 1590, 1578, 1551, 1531, 1482, 1466, 1449, 1437, 1435, 1418, 1365, 1355, 1287, 1283, 1279, 1270, 1210, 1196, 1178, 1150, 1148, 1095, 1012, 998, 970, 946, 916, 915, 902, 892, 851, 844, 818, 814, 813, 808, 798, 791, 783, 719, 711, 705, 701, 698, 666, 662, 641, 623, 615, 599, 578, 551, 540, 511, 509, 498, 487, 486, 480, 432, 422, 415, 412, 406, 397, 386, 384, 368, 363, 157, 29, 8)",191,59.46167700000001,717.96875,0.7314087980653777,0.8110004325369564,0.8717501544842122,"[[203  35]
 [ 49 110]]"
32,"MLPClassifier(alpha=1, max_iter=1000)","(4275, 4274, 4258, 4251, 4223, 4196, 4195, 4180, 4169, 4167, 4163, 4147, 4135, 4029, 4019, 3968, 3964, 3902, 3892, 3890, 3884, 3847, 3846, 3845, 3835, 3793, 3780, 3759, 3721, 3720, 3719, 3680, 3611, 3530, 3519, 3430, 3414, 3411, 3320, 3291, 3279, 3267, 3265, 3258, 3257, 3255, 3236, 3225, 3214, 3211, 3143, 3134, 3125, 3122, 3107, 3082, 3081, 3066, 3058, 3042, 3040, 3034, 3027, 3026, 3025, 2972, 2969, 2920, 2900, 2876, 2828, 2806, 2787, 2767, 2765, 2764, 2720, 2719, 2657, 2598, 2596, 2585, 2363, 2332, 2331, 2325, 2322, 2250, 2219, 2182, 2155, 2130, 2120, 2119, 2115, 2105, 2096, 2095, 2094, 2093, 2092, 2080, 2060, 2051, 1981, 1979, 1978, 1975, 1970, 1960, 1919, 1862, 1852, 1834, 1804, 1796, 1782, 1738, 1736, 1688, 1671, 1639, 1620, 1590, 1578, 1531, 1482, 1466, 1449, 1437, 1435, 1418, 1374, 1365, 1355, 1283, 1279, 1270, 1210, 1196, 1178, 1150, 1148, 1095, 1012, 970, 946, 916, 915, 902, 892, 851, 844, 818, 814, 813, 808, 798, 791, 783, 719, 705, 701, 698, 666, 662, 641, 623, 615, 586, 578, 551, 543, 511, 509, 498, 487, 480, 432, 422, 412, 406, 386, 372, 368, 363, 327, 157, 29, 8)",190,41.89288009999973,701.92578125,0.7310517244179365,0.806452433656464,0.8714294280326573,"[[203  35]
 [ 45 114]]"
22,"MLPClassifier(alpha=1, max_iter=1000)","(4275, 4274, 4258, 4251, 4223, 4196, 4195, 4180, 4169, 4167, 4163, 4147, 4135, 4029, 4019, 3968, 3964, 3902, 3897, 3892, 3890, 3884, 3847, 3846, 3845, 3835, 3780, 3759, 3721, 3719, 3680, 3611, 3530, 3519, 3430, 3414, 3411, 3337, 3320, 3291, 3279, 3267, 3265, 3258, 3257, 3255, 3236, 3225, 3214, 3211, 3143, 3134, 3125, 3122, 3107, 3082, 3066, 3042, 3040, 3034, 3027, 3026, 3025, 2972, 2925, 2900, 2876, 2873, 2828, 2806, 2787, 2767, 2765, 2764, 2719, 2657, 2598, 2596, 2585, 2500, 2363, 2332, 2331, 2325, 2322, 2250, 2219, 2182, 2179, 2172, 2155, 2130, 2120, 2115, 2105, 2096, 2095, 2094, 2093, 2092, 2080, 2060, 2051, 1981, 1979, 1978, 1975, 1970, 1960, 1862, 1852, 1834, 1804, 1796, 1782, 1738, 1736, 1688, 1671, 1667, 1639, 1620, 1601, 1531, 1482, 1466, 1449, 1437, 1435, 1418, 1374, 1365, 1355, 1287, 1283, 1279, 1210, 1196, 1178, 1148, 1095, 1012, 998, 970, 946, 916, 915, 902, 892, 851, 844, 818, 814, 808, 798, 791, 783, 719, 711, 705, 701, 698, 666, 662, 641, 623, 615, 599, 586, 578, 551, 540, 511, 509, 498, 487, 486, 480, 432, 422, 415, 412, 406, 397, 386, 384, 368, 363, 327, 157, 29, 8)",192,81.6614970999999,702.21875,0.7279537527512241,0.8034335801338319,0.8706634889247475,"[[203  35]
 [ 47 112]]"
12,LogisticRegression(),"(4275, 4274, 4258, 4251, 4223, 4196, 4195, 4180, 4169, 4167, 4163, 4147, 4135, 4029, 3968, 3964, 3902, 3897, 3892, 3890, 3884, 3847, 3846, 3845, 3835, 3793, 3780, 3759, 3721, 3720, 3719, 3680, 3611, 3530, 3519, 3430, 3414, 3411, 3337, 3320, 3291, 3267, 3258, 3257, 3255, 3236, 3225, 3214, 3211, 3143, 3134, 3125, 3122, 3107, 3082, 3081, 3058, 3042, 3040, 3027, 3026, 3025, 3021, 2972, 2969, 2925, 2920, 2900, 2876, 2873, 2828, 2806, 2767, 2765, 2764, 2720, 2719, 2657, 2598, 2596, 2585, 2429, 2363, 2331, 2325, 2322, 2250, 2219, 2182, 2179, 2172, 2155, 2153, 2130, 2120, 2119, 2115, 2105, 2096, 2095, 2094, 2093, 2092, 2080, 2060, 2051, 1981, 1979, 1978, 1975, 1970, 1960, 1919, 1862, 1852, 1834, 1804, 1796, 1782, 1738, 1736, 1688, 1671, 1667, 1639, 1620, 1601, 1590, 1578, 1551, 1531, 1482, 1466, 1449, 1437, 1435, 1418, 1374, 1365, 1355, 1283, 1279, 1270, 1210, 1196, 1178, 1150, 1148, 1095, 1012, 998, 970, 946, 916, 902, 892, 851, 844, 818, 814, 808, 798, 791, 719, 711, 705, 701, 698, 666, 641, 623, 615, 599, 586, 578, 551, 543, 540, 511, 509, 498, 486, 480, 432, 422, 415, 412, 406, 397, 386, 384, 372, 368, 363, 327, 157, 29, 8)",198,1.847953999999845,718.33984375,0.7264563969726174,0.8029310739638195,0.8701919687945237,"[[205  33]
 [ 47 112]]"
27,"MLPClassifier(alpha=1, max_iter=1000)","(4275, 4274, 4258, 4251, 4223, 4196, 4195, 4180, 4169, 4167, 4163, 4147, 4029, 4019, 3964, 3902, 3897, 3892, 3884, 3847, 3846, 3845, 3835, 3793, 3780, 3759, 3721, 3720, 3611, 3530, 3430, 3414, 3411, 3337, 3320, 3291, 3267, 3265, 3258, 3257, 3255, 3236, 3225, 3214, 3143, 3134, 3125, 3122, 3107, 3082, 3081, 3066, 3058, 3042, 3040, 3034, 3027, 3026, 3021, 2972, 2969, 2925, 2920, 2876, 2873, 2828, 2806, 2787, 2767, 2765, 2764, 2720, 2719, 2657, 2598, 2596, 2585, 2500, 2429, 2363, 2332, 2331, 2325, 2322, 2219, 2182, 2179, 2172, 2155, 2153, 2130, 2120, 2119, 2115, 2105, 2096, 2095, 2094, 2092, 2080, 2060, 2051, 1981, 1979, 1978, 1970, 1960, 1919, 1862, 1852, 1834, 1804, 1796, 1782, 1738, 1736, 1688, 1671, 1667, 1639, 1620, 1601, 1551, 1531, 1466, 1449, 1437, 1435, 1418, 1374, 1365, 1355, 1287, 1283, 1279, 1210, 1196, 1178, 1148, 1095, 1012, 998, 970, 946, 915, 892, 851, 844, 818, 814, 813, 808, 798, 791, 783, 719, 711, 701, 698, 666, 662, 641, 623, 615, 599, 586, 578, 551, 543, 540, 511, 509, 498, 487, 486, 432, 422, 415, 412, 406, 397, 372, 368, 363, 327, 157, 29, 8)",188,40.33364780000011,702.46875,0.7175546894371433,0.7963730504032772,0.8622542485667143,"[[201  37]
 [ 52 107]]"
13,"XGBClassifier(base_score=0.5, booster='gbtree', colsample_bylevel=1,
              colsample_bynode=1, colsample_bytree=1, enable_categorical=False,
              eval_metric='mlogloss', gamma=0, gpu_id=-1, importance_type=None,
              interaction_constraints='', learning_rate=0.300000012,
              max_delta_step=0, max_depth=6, min_child_weight=1, missing=nan,
              monotone_constraints='()', n_estimators=100, n_jobs=12,
              num_parallel_tree=1, predictor='auto', random_state=0,
              reg_alpha=0, reg_lambda=1, scale_pos_weight=1, subsample=1,
              tree_method='exact', use_label_encoder=False,
              validate_parameters=1, verbosity=None)","(4275, 4274, 4258, 4251, 4223, 4196, 4195, 4180, 4169, 4167, 4163, 4147, 4135, 4029, 4019, 3968, 3964, 3902, 3897, 3892, 3890, 3884, 3847, 3846, 3845, 3835, 3793, 3780, 3759, 3721, 3720, 3719, 3680, 3611, 3530, 3519, 3430, 3414, 3411, 3337, 3320, 3291, 3279, 3267, 3265, 3258, 3257, 3255, 3236, 3225, 3214, 3211, 3143, 3134, 3125, 3122, 3107, 3082, 3081, 3066, 3058, 3042, 3040, 3034, 3027, 3026, 3025, 3021, 2972, 2969, 2925, 2920, 2900, 2876, 2873, 2828, 2806, 2767, 2765, 2764, 2720, 2719, 2657, 2598, 2596, 2585, 2500, 2429, 2363, 2332, 2331, 2325, 2322, 2250, 2219, 2182, 2179, 2172, 2155, 2153, 2130, 2120, 2119, 2115, 2105, 2096, 2095, 2094, 2093, 2092, 2080, 2060, 2051, 1981, 1978, 1975, 1970, 1960, 1919, 1862, 1852, 1834, 1804, 1796, 1782, 1738, 1736, 1688, 1671, 1667, 1639, 1601, 1590, 1578, 1551, 1531, 1482, 1466, 1449, 1437, 1435, 1418, 1374, 1365, 1355, 1287, 1283, 1279, 1270, 1210, 1196, 1178, 1150, 1095, 1012, 998, 970, 946, 916, 915, 902, 892, 851, 844, 818, 814, 813, 808, 798, 791, 783, 719, 711, 705, 701, 698, 666, 662, 641, 623, 615, 599, 586, 578, 551, 543, 540, 511, 509, 498, 487, 486, 480, 432, 422, 415, 412, 406, 397, 384, 372, 368, 363, 327, 157, 29, 8)",207,10.051832600000125,714.84375,0.7029567115887116,0.7787268147469659,0.8456104906933714,"[[196  42]
 [ 44 115]]"
9,"XGBClassifier(base_score=0.5, booster='gbtree', colsample_bylevel=1,
              colsample_bynode=1, colsample_bytree=1, enable_categorical=False,
              eval_metric='mlogloss', gamma=0, gpu_id=-1, importance_type=None,
              interaction_constraints='', learning_rate=0.300000012,
              max_delta_step=0, max_depth=6, min_child_weight=1, missing=nan,
              monotone_constraints='()', n_estimators=100, n_jobs=12,
              num_parallel_tree=1, predictor='auto', random_state=0,
              reg_alpha=0, reg_lambda=1, scale_pos_weight=1, subsample=1,
              tree_method='exact', use_label_encoder=False,
              validate_parameters=1, verbosity=None)","(4275, 4274, 4258, 4251, 4223, 4196, 4195, 4180, 4169, 4167, 4163, 4147, 4135, 4029, 4019, 3968, 3964, 3902, 3897, 3892, 3890, 3884, 3847, 3846, 3845, 3835, 3793, 3780, 3759, 3721, 3720, 3719, 3680, 3611, 3530, 3519, 3430, 3414, 3411, 3337, 3320, 3291, 3279, 3267, 3265, 3258, 3257, 3255, 3236, 3225, 3214, 3211, 3143, 3134, 3125, 3122, 3107, 3082, 3081, 3066, 3058, 3042, 3040, 3034, 3027, 3026, 3025, 3021, 2972, 2969, 2925, 2920, 2900, 2876, 2873, 2828, 2806, 2787, 2767, 2765, 2764, 2720, 2719, 2657, 2598, 2596, 2585, 2500, 2429, 2363, 2332, 2331, 2325, 2322, 2250, 2219, 2182, 2179, 2172, 2155, 2153, 2130, 2120, 2119, 2115, 2105, 2096, 2095, 2094, 2093, 2092, 2080, 2060, 2051, 1981, 1979, 1978, 1975, 1970, 1960, 1919, 1862, 1852, 1834, 1804, 1796, 1782, 1738, 1736, 1688, 1671, 1667, 1639, 1620, 1601, 1590, 1578, 1551, 1531, 1482, 1466, 1449, 1437, 1435, 1418, 1374, 1365, 1355, 1287, 1283, 1279, 1270, 1210, 1196, 1178, 1150, 1148, 1095, 1012, 998, 970, 946, 916, 915, 902, 892, 851, 844, 818, 814, 813, 808, 798, 791, 783, 719, 711, 705, 701, 698, 666, 662, 641, 623, 615, 599, 586, 578, 551, 543, 540, 511, 509, 498, 487, 486, 480, 432, 422, 415, 412, 406, 397, 386, 384, 372, 368, 363, 327, 157, 29, 8)",212,9.381529799999953,704.41796875,0.6941136945719345,0.7711688675164746,0.8387606494313353,"[[196  42]
 [ 47 112]]"
6,AdaBoostClassifier(),"(4275, 4274, 4258, 4251, 4223, 4196, 4195, 4180, 4169, 4167, 4163, 4147, 4135, 4029, 4019, 3968, 3964, 3902, 3897, 3892, 3890, 3884, 3847, 3846, 3845, 3835, 3793, 3780, 3759, 3721, 3720, 3719, 3680, 3611, 3530, 3519, 3430, 3414, 3411, 3337, 3320, 3291, 3279, 3267, 3265, 3258, 3257, 3255, 3236, 3225, 3214, 3211, 3143, 3134, 3125, 3122, 3107, 3082, 3081, 3066, 3058, 3042, 3040, 3034, 3027, 3026, 3025, 3021, 2972, 2969, 2925, 2920, 2900, 2876, 2873, 2828, 2806, 2787, 2767, 2765, 2764, 2720, 2719, 2657, 2598, 2596, 2585, 2500, 2429, 2363, 2332, 2331, 2325, 2322, 2250, 2219, 2182, 2179, 2172, 2155, 2153, 2130, 2120, 2119, 2115, 2105, 2096, 2095, 2094, 2093, 2092, 2080, 2060, 2051, 1981, 1979, 1978, 1975, 1970, 1960, 1919, 1862, 1852, 1834, 1804, 1796, 1782, 1738, 1736, 1688, 1671, 1667, 1639, 1620, 1601, 1590, 1578, 1551, 1531, 1482, 1466, 1449, 1437, 1435, 1418, 1374, 1365, 1355, 1287, 1283, 1279, 1270, 1210, 1196, 1178, 1150, 1148, 1095, 1012, 998, 970, 946, 916, 915, 902, 892, 851, 844, 818, 814, 813, 808, 798, 791, 783, 719, 711, 705, 701, 698, 666, 662, 641, 623, 615, 599, 586, 578, 551, 543, 540, 511, 509, 498, 487, 486, 480, 432, 422, 415, 412, 406, 397, 386, 384, 372, 368, 363, 327, 157, 29, 8)",212,9.303608000000168,689.92578125,0.677193325819698,0.7630969646082996,0.8146200867497704,"[[192  46]
 [ 59 100]]"
7,GaussianNB(),"(4275, 4274, 4258, 4251, 4223, 4196, 4195, 4180, 4169, 4167, 4163, 4147, 4135, 4029, 4019, 3968, 3964, 3902, 3897, 3892, 3890, 3884, 3847, 3846, 3845, 3835, 3793, 3780, 3759, 3721, 3720, 3719, 3680, 3611, 3530, 3519, 3430, 3414, 3411, 3337, 3320, 3291, 3279, 3267, 3265, 3258, 3257, 3255, 3236, 3225, 3214, 3211, 3143, 3134, 3125, 3122, 3107, 3082, 3081, 3066, 3058, 3042, 3040, 3034, 3027, 3026, 3025, 3021, 2972, 2969, 2925, 2920, 2900, 2876, 2873, 2828, 2806, 2787, 2767, 2765, 2764, 2720, 2719, 2657, 2598, 2596, 2585, 2500, 2429, 2363, 2332, 2331, 2325, 2322, 2250, 2219, 2182, 2179, 2172, 2155, 2153, 2130, 2120, 2119, 2115, 2105, 2096, 2095, 2094, 2093, 2092, 2080, 2060, 2051, 1981, 1979, 1978, 1975, 1970, 1960, 1919, 1862, 1852, 1834, 1804, 1796, 1782, 1738, 1736, 1688, 1671, 1667, 1639, 1620, 1601, 1590, 1578, 1551, 1531, 1482, 1466, 1449, 1437, 1435, 1418, 1374, 1365, 1355, 1287, 1283, 1279, 1270, 1210, 1196, 1178, 1150, 1148, 1095, 1012, 998, 970, 946, 916, 915, 902, 892, 851, 844, 818, 814, 813, 808, 798, 791, 783, 719, 711, 705, 701, 698, 666, 662, 641, 623, 615, 599, 586, 578, 551, 543, 540, 511, 509, 498, 487, 486, 480, 432, 422, 415, 412, 406, 397, 386, 384, 372, 368, 363, 327, 157, 29, 8)",212,1.4823959000000286,690.86328125,0.6318740301323937,0.7706549118387909,0.8761627665953732,"[[205  33]
 [ 78  81]]"
8,QuadraticDiscriminantAnalysis(),"(4275, 4274, 4258, 4251, 4223, 4196, 4195, 4180, 4169, 4167, 4163, 4147, 4135, 4029, 4019, 3968, 3964, 3902, 3897, 3892, 3890, 3884, 3847, 3846, 3845, 3835, 3793, 3780, 3759, 3721, 3720, 3719, 3680, 3611, 3530, 3519, 3430, 3414, 3411, 3337, 3320, 3291, 3279, 3267, 3265, 3258, 3257, 3255, 3236, 3225, 3214, 3211, 3143, 3134, 3125, 3122, 3107, 3082, 3081, 3066, 3058, 3042, 3040, 3034, 3027, 3026, 3025, 3021, 2972, 2969, 2925, 2920, 2900, 2876, 2873, 2828, 2806, 2787, 2767, 2765, 2764, 2720, 2719, 2657, 2598, 2596, 2585, 2500, 2429, 2363, 2332, 2331, 2325, 2322, 2250, 2219, 2182, 2179, 2172, 2155, 2153, 2130, 2120, 2119, 2115, 2105, 2096, 2095, 2094, 2093, 2092, 2080, 2060, 2051, 1981, 1979, 1978, 1975, 1970, 1960, 1919, 1862, 1852, 1834, 1804, 1796, 1782, 1738, 1736, 1688, 1671, 1667, 1639, 1620, 1601, 1590, 1578, 1551, 1531, 1482, 1466, 1449, 1437, 1435, 1418, 1374, 1365, 1355, 1287, 1283, 1279, 1270, 1210, 1196, 1178, 1150, 1148, 1095, 1012, 998, 970, 946, 916, 915, 902, 892, 851, 844, 818, 814, 813, 808, 798, 791, 783, 719, 711, 705, 701, 698, 666, 662, 641, 623, 615, 599, 586, 578, 551, 543, 540, 511, 509, 498, 487, 486, 480, 432, 422, 415, 412, 406, 397, 386, 384, 372, 368, 363, 327, 157, 29, 8)",212,5.485664399999905,697.02734375,0.6061495747693961,0.7595641554079842,0.8682543540463714,"[[206  32]
 [ 78  81]]"
16,QuadraticDiscriminantAnalysis(),"(4275, 4274, 4258, 4251, 4223, 4196, 4195, 4169, 4167, 4163, 4147, 4135, 3968, 3964, 3902, 3897, 3892, 3890, 3884, 3847, 3846, 3845, 3793, 3780, 3759, 3721, 3720, 3719, 3680, 3611, 3530, 3519, 3430, 3414, 3411, 3337, 3320, 3291, 3267, 3258, 3257, 3255, 3236, 3225, 3214, 3211, 3143, 3134, 3122, 3107, 3082, 3081, 3058, 3040, 3027, 3026, 3025, 3021, 2972, 2969, 2925, 2920, 2900, 2876, 2873, 2828, 2806, 2767, 2765, 2764, 2720, 2719, 2657, 2598, 2596, 2585, 2429, 2363, 2331, 2325, 2250, 2219, 2182, 2179, 2172, 2155, 2153, 2130, 2119, 2115, 2105, 2096, 2095, 2094, 2093, 2092, 2080, 2060, 2051, 1981, 1979, 1978, 1975, 1970, 1960, 1919, 1862, 1852, 1834, 1804, 1796, 1782, 1738, 1736, 1688, 1671, 1667, 1620, 1601, 1578, 1551, 1531, 1482, 1466, 1449, 1437, 1435, 1418, 1374, 1355, 1287, 1283, 1270, 1210, 1196, 1178, 1150, 1148, 1095, 1012, 998, 970, 946, 916, 902, 892, 851, 844, 818, 814, 808, 798, 791, 719, 711, 705, 701, 698, 666, 662, 641, 623, 615, 599, 586, 578, 551, 543, 540, 511, 509, 498, 486, 480, 432, 422, 415, 406, 397, 386, 384, 372, 368, 363, 327, 157, 29, 8)",188,5.312883400000146,724.71484375,0.5959213643199145,0.7565414853827952,0.8667316075980587,"[[207  31]
 [ 75  84]]"
62,KNeighborsClassifier(n_neighbors=3),"(4274, 4258, 4251, 4223, 4196, 4195, 4180, 4169, 4167, 4163, 4135, 4019, 3968, 3964, 3902, 3897, 3892, 3890, 3884, 3847, 3846, 3845, 3835, 3793, 3780, 3759, 3721, 3720, 3719, 3680, 3611, 3530, 3519, 3430, 3414, 3411, 3337, 3320, 3291, 3279, 3267, 3265, 3258, 3257, 3236, 3225, 3214, 3211, 3134, 3125, 3122, 3107, 3066, 3058, 3042, 3040, 3034, 3027, 3026, 3025, 2972, 2969, 2925, 2920, 2900, 2876, 2873, 2828, 2806, 2787, 2767, 2765, 2764, 2720, 2719, 2657, 2598, 2596, 2585, 2500, 2429, 2363, 2332, 2331, 2325, 2322, 2250, 2219, 2182, 2179, 2172, 2155, 2130, 2120, 2115, 2105, 2095, 2094, 2093, 2092, 2080, 2060, 2051, 1981, 1979, 1978, 1975, 1970, 1960, 1919, 1862, 1852, 1834, 1804, 1796, 1782, 1738, 1736, 1688, 1671, 1667, 1639, 1601, 1590, 1578, 1551, 1531, 1482, 1466, 1449, 1437, 1435, 1418, 1374, 1365, 1355, 1283, 1279, 1270, 1210, 1196, 1178, 1148, 1095, 1012, 970, 946, 916, 915, 902, 892, 851, 818, 814, 813, 808, 798, 791, 783, 719, 711, 705, 701, 698, 666, 662, 641, 623, 615, 586, 578, 551, 543, 540, 511, 509, 498, 487, 486, 480, 432, 422, 415, 412, 406, 397, 386, 384, 368, 363, 327, 157, 29, 8)",194,1.8181178000004365,711.140625,0.589443707191488,0.7353853395415108,0.7572414743502687,"[[206  32]
 [ 77  82]]"
0,KNeighborsClassifier(n_neighbors=3),"(4275, 4274, 4258, 4251, 4223, 4196, 4195, 4180, 4169, 4167, 4163, 4147, 4135, 4029, 4019, 3968, 3964, 3902, 3897, 3892, 3890, 3884, 3847, 3846, 3845, 3835, 3793, 3780, 3759, 3721, 3720, 3719, 3680, 3611, 3530, 3519, 3430, 3414, 3411, 3337, 3320, 3291, 3279, 3267, 3265, 3258, 3257, 3255, 3236, 3225, 3214, 3211, 3143, 3134, 3125, 3122, 3107, 3082, 3081, 3066, 3058, 3042, 3040, 3034, 3027, 3026, 3025, 3021, 2972, 2969, 2925, 2920, 2900, 2876, 2873, 2828, 2806, 2787, 2767, 2765, 2764, 2720, 2719, 2657, 2598, 2596, 2585, 2500, 2429, 2363, 2332, 2331, 2325, 2322, 2250, 2219, 2182, 2179, 2172, 2155, 2153, 2130, 2120, 2119, 2115, 2105, 2096, 2095, 2094, 2093, 2092, 2080, 2060, 2051, 1981, 1979, 1978, 1975, 1970, 1960, 1919, 1862, 1852, 1834, 1804, 1796, 1782, 1738, 1736, 1688, 1671, 1667, 1639, 1620, 1601, 1590, 1578, 1551, 1531, 1482, 1466, 1449, 1437, 1435, 1418, 1374, 1365, 1355, 1287, 1283, 1279, 1270, 1210, 1196, 1178, 1150, 1148, 1095, 1012, 998, 970, 946, 916, 915, 902, 892, 851, 844, 818, 814, 813, 808, 798, 791, 783, 719, 711, 705, 701, 698, 666, 662, 641, 623, 615, 599, 586, 578, 551, 543, 540, 511, 509, 498, 487, 486, 480, 432, 422, 415, 412, 406, 397, 386, 384, 372, 368, 363, 327, 157, 29, 8)",212,5.709308899999996,655.87109375,0.5864660152287172,0.7363928962165738,0.7578466330804274,"[[209  29]
 [ 85  74]]"
3,DecisionTreeClassifier(max_depth=5),"(4275, 4274, 4258, 4251, 4223, 4196, 4195, 4180, 4169, 4167, 4163, 4147, 4135, 4029, 4019, 3968, 3964, 3902, 3897, 3892, 3890, 3884, 3847, 3846, 3845, 3835, 3793, 3780, 3759, 3721, 3720, 3719, 3680, 3611, 3530, 3519, 3430, 3414, 3411, 3337, 3320, 3291, 3279, 3267, 3265, 3258, 3257, 3255, 3236, 3225, 3214, 3211, 3143, 3134, 3125, 3122, 3107, 3082, 3081, 3066, 3058, 3042, 3040, 3034, 3027, 3026, 3025, 3021, 2972, 2969, 2925, 2920, 2900, 2876, 2873, 2828, 2806, 2787, 2767, 2765, 2764, 2720, 2719, 2657, 2598, 2596, 2585, 2500, 2429, 2363, 2332, 2331, 2325, 2322, 2250, 2219, 2182, 2179, 2172, 2155, 2153, 2130, 2120, 2119, 2115, 2105, 2096, 2095, 2094, 2093, 2092, 2080, 2060, 2051, 1981, 1979, 1978, 1975, 1970, 1960, 1919, 1862, 1852, 1834, 1804, 1796, 1782, 1738, 1736, 1688, 1671, 1667, 1639, 1620, 1601, 1590, 1578, 1551, 1531, 1482, 1466, 1449, 1437, 1435, 1418, 1374, 1365, 1355, 1287, 1283, 1279, 1270, 1210, 1196, 1178, 1150, 1148, 1095, 1012, 998, 970, 946, 916, 915, 902, 892, 851, 844, 818, 814, 813, 808, 798, 791, 783, 719, 711, 705, 701, 698, 666, 662, 641, 623, 615, 599, 586, 578, 551, 543, 540, 511, 509, 498, 487, 486, 480, 432, 422, 415, 412, 406, 397, 386, 384, 372, 368, 363, 327, 157, 29, 8)",212,1.6032219000001078,775.671875,0.4721742905440537,0.7046421392768999,0.6587195533415977,"[[232   6]
 [111  48]]"
4,"RandomForestClassifier(max_depth=5, max_features=1, n_estimators=10)","(4275, 4274, 4258, 4251, 4223, 4196, 4195, 4180, 4169, 4167, 4163, 4147, 4135, 4029, 4019, 3968, 3964, 3902, 3897, 3892, 3890, 3884, 3847, 3846, 3845, 3835, 3793, 3780, 3759, 3721, 3720, 3719, 3680, 3611, 3530, 3519, 3430, 3414, 3411, 3337, 3320, 3291, 3279, 3267, 3265, 3258, 3257, 3255, 3236, 3225, 3214, 3211, 3143, 3134, 3125, 3122, 3107, 3082, 3081, 3066, 3058, 3042, 3040, 3034, 3027, 3026, 3025, 3021, 2972, 2969, 2925, 2920, 2900, 2876, 2873, 2828, 2806, 2787, 2767, 2765, 2764, 2720, 2719, 2657, 2598, 2596, 2585, 2500, 2429, 2363, 2332, 2331, 2325, 2322, 2250, 2219, 2182, 2179, 2172, 2155, 2153, 2130, 2120, 2119, 2115, 2105, 2096, 2095, 2094, 2093, 2092, 2080, 2060, 2051, 1981, 1979, 1978, 1975, 1970, 1960, 1919, 1862, 1852, 1834, 1804, 1796, 1782, 1738, 1736, 1688, 1671, 1667, 1639, 1620, 1601, 1590, 1578, 1551, 1531, 1482, 1466, 1449, 1437, 1435, 1418, 1374, 1365, 1355, 1287, 1283, 1279, 1270, 1210, 1196, 1178, 1150, 1148, 1095, 1012, 998, 970, 946, 916, 915, 902, 892, 851, 844, 818, 814, 813, 808, 798, 791, 783, 719, 711, 705, 701, 698, 666, 662, 641, 623, 615, 599, 586, 578, 551, 543, 540, 511, 509, 498, 487, 486, 480, 432, 422, 415, 412, 406, 397, 386, 384, 372, 368, 363, 327, 157, 29, 8)",212,1.7064715000001343,765.8203125,0.09761245663594811,0.6234842124010889,0.6998118531705335,"[[236   2]
 [134  25]]"
